Workbook

Sheet Claude Log
A1: Turn # | B1: Date | C1: User Request | D1: Action Taken | E1: Details | F1: Outcome
A2: 1 | B2: 46254 | C2: Confirm whether ontology definitions for the 5 AHUs (SSC_AHUB0001-0005) match in count, and identify discrepancies; put results on a separate sheet. | D2: Created 'AHU_Comparison' sheet with per-unit triple counts, a discrepancy table, and a full 135-relation matrix. | E2: Normalised each triple in SSC_Ontology_Ver0.5!A128:D773 by replacing the AHU id with {N}, then counted each pattern per unit with COUNTIFS+SUBSTITUTE formulas (live-linked to source). Status flags via MIN/MAX. Conditional formatting highlights non-OK rows. | F2: Counts do NOT match: 129/130/128/132/127 rows. 12 of 135 relation patterns differ - 3 location rows (expected), missing SAP_Setpoint on 0003/0005, missing RF_AutoMan_Status on 0004, duplicated SA_P-Static ref on 0002/0003/0004, extra RA_P-Static_01/_02 on 0004.
A3: 2 | B3: 46254 | C3: Disregard the rec:locatedIn discrepancies. | D3: Removed the 3 location rows from the discrepancy table and flagged them as excluded in the full matrix. | E3: Deleted rows 20:22 (sections below shifted up: matrix header now row 22, data 23:157). Status formula now returns 'Excluded - location varies by unit' when column B = rec:locatedIn; conditional highlight skips excluded rows. Header note in A2/A9 updated. | F3: Discrepancy count now 9 real issues across 135 relations (123 OK, 8 not-on-all-units, 1 duplicated, 3 excluded locations).
A4: 3 | B4: 46254 | C4: Run the same consistency comparison for the newly selected range (A815:E1346) on its own sheet. | D4: Created 'CCU_Comparison' sheet comparing the 14 CCU/CRAC units in SSC_Ontology_Ver0.5!A815:E1346. | E4: Unit ids are non-sequential (CCU3F0301, CCUB0001A/B, ... CCUB0008), so ids were detected by regex rather than assumed. Same method as AHU sheet: normalise unit id to {U}, count each pattern per unit with COUNTIFS+SUBSTITUTE. Also compared the two type columns (B, E) which the AHU range did not have. | F4: Counts MATCH: all 14 units have 38 rows; 37 of 40 relation patterns present exactly once on every unit; 3 rec:locatedIn patterns excluded per user. Type columns consistent. No missing or duplicated rows.
A5: 4 | B5: 46254 | C5: For the CCUs not located in B1_023_Q_TEL or B1_017_MDF-2, do they have a unique rec:locatedIn triple? | D5: Audited rec:locatedIn per CCU and added a 'Location breakdown' table to CCU_Comparison (rows 59-76). | E5: Per-unit triple count via COUNTIFS; room resolved with TEXTJOIN+IF array formula against SSC_Ontology_Ver0.5!A815:D1346; room occupancy via COUNTIFS on predicate+object. Kept as live formulas. | F5: Answer: yes, each of the 14 CCUs has exactly one rec:locatedIn triple - none missing or duplicated. But the rooms are shared, not unique: the 6 units outside Q_TEL/MDF-2 all sit in B1_038_SER-2.
A6: 5 | B6: 46254 | C6: Run the same consistency exercise for the chilled water pumps in SSC_Ontology_Ver0.5!A1347:E1422. | D6: Created 'CHWP_Comparison' sheet comparing the 4 chilled water booster pumps (SSC_CHW_CHWP01-04). | E6: Same method: normalise pump id to {P}, count each of the 19 relation patterns per pump with COUNTIFS+SUBSTITUTE against A1347:D1422; compared subject/object type columns; status flag via MIN/MAX. | F6: Fully consistent: 19 rows per pump, 19/19 patterns present exactly once on every pump, types identical, all 4 in the same room (B1_014_VENT_PLANT) so no location variance either. Flagged one non-error observation: pumps have Speed_Command/Speed_Fbk but no run status or auto-manual point on any of the 4.
A7: 6 | B7: 46254 | C7: Run the same consistency exercise for the heat exchangers in SSC_Ontology_Ver0.5!A1423:E1572. | D7: Created 'HE_Comparison' sheet comparing the 5 chilled water heat exchangers (SSC_CHW_HE01-HE05). | E7: Same method: normalise HE id to {H}, count all 32 relation patterns per unit with COUNTIFS+SUBSTITUTE against A1423:D1572; compared subject/object type columns. Sheet has count summary (rows 5-7), findings (10-14), discrepancy table (17-27) and full matrix (29-61). | F7: Counts DO NOT match: HE01-04 = 32 rows, HE05 = 22 (10 short). All 10 missing rows are on HE05's Supply_Valve (Auto_Command, Manual_Auto_Status, Close_Command, Open_Command, Status + their 5 external references); only Temperature_Sensor remains. Everything else identical, all 5 in same room. Flagged two uniform modelling issues: Open/Close_Command para types look swapped, and Return_Valve has both _Open_Close_Status and _Status with the same class.
A8: 7 | B8: 46254 | C8: Challenged whether the whole worksheet was checked for heat exchanger rows, not just the selected range. | D8: Scanned the entire used range of SSC_Ontology_Ver0.5 (5,120 rows x 27 cols) for heat exchanger references. | E8: Matched on HE0x, HEX, HX, PHE, 'Plate Heat', 'Exchanger' and 'heat exchanger' across all columns of every row. 150 hits found, all within rows 1423-1572. The 25 'Exchanger' hits are the brick:Heat_Exchanger class cells (5 units x 5 rows) inside that same block. | F8: Confirmed: no heat exchanger data exists outside A1423:E1572, so HE_Comparison covers the complete set. Also inspected the user's newly inserted rows 1671-1680 - these are DX unit rec:feeds triples, unrelated to HEs.
A9: 8 | B9: 46254 | C9: Run the same consistency exercise for the DX units in SSC_Ontology_Ver0.5!A1573:E1680. | D9: Created 'DX_Comparison' sheet comparing the 10 DX units (SSC_DXB0001-DXB0010), after first sweeping the whole sheet for stray DX rows. | E9: Whole-sheet scan found one DX row outside the range - row 4988, 'para:DXUnit owl:Class rdfs:subClassOf brick:HVAC_Equipment' - which is a class definition, not instance data, so it was excluded. Same method as prior sheets: normalise id to {D}, COUNTIFS+SUBSTITUTE per unit over A1573:D1680. Both rec:locatedIn and rec:feeds excluded from the pass/fail flag since both legitimately vary by room. Added a location/feeds breakdown table. | F9: Counts DO NOT match: DXB0001-0006 = 10 rows, DXB0007-0010 = 12. Whole difference is the Humidity_Sensor point + its external reference, present only on the 4 units in FM STORAGE rooms - likely intentional, flagged for confirmation. Matrix: 8 OK, 2 not-on-all-units, 10 excluded. Also flagged that all 10 units have rec:feeds pointing at the same room as rec:locatedIn.
A10: 9 | B10: 46254 | C10: Run the same consistency exercise for the FCUs in SSC_Ontology_Ver0.5!A1681:E2208. | D10: Created 'FCU_Comparison' sheet comparing the 11 FCUs (SSC_FCU0001-FCU0011), after sweeping the whole sheet for stray FCU rows. | E10: Whole-sheet scan found zero FCU rows outside A1681:E2208, so the set is complete. Same method: normalise id to {F}, COUNTIFS+SUBSTITUTE per unit; rec:locatedIn and rec:feeds excluded from the pass/fail flag. Sheet: counts (5-7), findings (10-14), 64-pattern matrix (17-81), location/feeds breakdown (83-95). | F10: Fully consistent: 48 rows on every FCU; 46 structural patterns present exactly once on all 11; 18 excluded location/feeds patterns covering 9 distinct rooms, one locatedIn and one feeds per unit. No type inconsistencies. Flagged again that rec:feeds points at the same room as rec:locatedIn on all 11 units.
A11: 10 | B11: 46254 | C11: Run the same consistency exercise for the selected range A2209:E2238. | D11: Found the range held only one unit, widened scope to all 7 brick:Exhaust_Fan entities (rows 2209-2492) and created 'EF_Comparison'. | E11: Selected range contained only GEFB0001, so a whole-sheet scan identified every entity typed brick:Exhaust_Fan: GEFB0001, KEF0103, KEF0303, TEF0101/0102/0301/0302. Rows 2343-2372 (Levels, MV Generator) fall inside the span and were excluded. Matrix uses Presence and Duplication columns instead of a single status because duplication and absence are separate problems here. Distinct-relation row is a SUMPRODUCT over the matrix. | F11: Counts DO NOT match: GEF + 4 TEFs = 30 rows, KEF0103/KEF0303 = 52. KEFs are duplicated end to end (26 distinct relations x2). Three point sets in use - only 24 of 36 patterns shared by all 7. Type inconsistency: Motor_Running_Status is brick:On_Off_Status on GEF/KEFs but brick:Fan_Status on TEFs. Major flag: all 7 fans are locatedIn and feed the same room, entity:Level7_Office0367 - likely placeholder data.
A12: 11 | B12: 46254 | C12: Run the same exercise for the generator (selected range A2347:E2371). | D12: Created 'GEN_Check' sheet - an internal integrity audit rather than a cross-unit comparison, because only one generator exists. | E12: Whole-sheet scan for GEN/Generator returned 71 hits but nearly all were false positives (GENERAL OFFICE rooms, 'General Fault/Alarm' labels, the B1_012_GENERATOR room definition, the para:Generator class row at 4992). Only one generator instance: SSC_MV_Generator. Since there is no peer, the sheet tests each point for exactly one hasPoint declaration and one external reference, and locates every generator triple with an AGGREGATE-based row finder (SUMPRODUCT version returned #N/A because the source columns contain error cells). | F12: 26 generator triples: 25 in the selected block, 1 detached. All 10 points declared once and referenced once - internally clean. Flagged: rec:locatedIn sits alone at row 5013 instead of inside the block; 'Generator_Generator_Running_Status' name stutter; inconsistent _Reading suffixes; no rec:feeds triple.
A13: 12 | B13: 46254 | C13: Run the same consistency exercise for the VAVs (ranges A2493:E4976 and A5014:E5120). | D13: Created 'VAV_Comparison' covering all 108 VAV units, and found 19 corrupted rows that a row-count check alone would miss. | E13: 108 units x 24 rows is too wide for a per-unit column grid, so the sheet tests each structural relation for an expected count of 108 using COUNTIFS with wildcard entity patterns, plus a 108-row per-unit count table. A first pass normalising on exact object values produced 191 meaningless patterns because rated flowrates/rooms are per-unit literals; re-normalised so unit-specific values collapse to one token, giving 27 real structural patterns. Whole-sheet scan confirmed no VAV rows outside the two selected ranges. | F13: Row counts: 107 units have 24 rows, VAV0063 has 23 (missing its rec:feeds triple). Content check found 19 rows where the object column holds a value instead of an entity: VAV0102 (9 rows), VAV0103 (8), VAV0101 (1) all contain the number 130 in place of point/part names, and VAV0063 row 3931 holds #N/A in its locatedIn object. VAV0102 and VAV0103 still total 24 rows each, so only the content check catches them.
... A16: 15 | B16: 46254 | C16: Pointed out that ref:hasExternalReference rows are also corrupted (object = 130 instead of <blanknode>), not just the 18 structural rows, and asked for these to be shown in the VAV sheet. | D16: Rescanned every VAV row for non-text objects, expanded section 4 from 19 to 37 rows, added a reference-object check to section 3, and highlighted the 18 additional source rows yellow. | E16: My earlier scan only tested hasPart/hasPoint rows - a scoping error on my part. Full rescan of all 2,591 VAV rows found 253 non-text objects, of which 216 are legitimate (para:ratedReheatCapacity and para:ratedSupplyAirFlowrate carry numeric values by design) and 1 is VAV0063's accepted #N/A. Real corruption = 36 rows: 18 structural + 18 reference. Inserted 18 rows at 68 to grow the table, so section 5 moved from row 70 to 88; dependent formulas adjusted automatically and the B10 metric range was repointed manually to D50:D85. | F16: 36 corrupted rows confirmed: VAV0101 = 10 (1 structural + 9 refs), VAV0102 = 18 (9 + 9), VAV0103 = 8 (structural only, refs intact). All 36 source rows verified yellow. New section 3 check row reports 'CORRUPT - 18 rows' for reference objects.

Sheet SSC_Ontology_Ver0.5
A1: Subject | B1: subjectType | C1: predicate | D1: object | E1: objectType | F1: subject_prop_name | G1: subject_prop_val | H1: object_prop_name | I1: object_prop_val | J1: subject_prop_name | K1: subject_prop_val | L1: object_prop_name | M1: object_prop_val | N1: subject_prop_name | O1: subject_prop_val | P1: object_prop_name | Q1: object_prop_val | R1: subject_prop_name | S1: subject_prop_val | T1: object_prop_name | U1: object_prop_val | V1: subject_prop_name | W1: subject_prop_val | X1: object_prop_name | Y1: object_prop_val | Z1: subject_prop_name | AA1: subject_prop_val
A2: entity:CHWS-MAIN-LOOP | B2: para:Chilled_Water_Loop_Network | C2: ref:hasExternalReference | D2: <blanknode> | E2: ref:IFCReference | L2: ref:ifcName | M2: CHWS-MAIN-LOOP
A3: entity:CHWS-MAIN-LOOP | B3: para:Chilled_Water_Loop_Network | C3: rec:locatedIn | D3: entity:SSC | E3: rec:Building | N3: brick:aliasOf | O3: CHWS-MAIN-LOOP
A4: entity:CHW-System | B4: brick:Chilled_Water_System | C4: brick:isPartOf | D4: entity:HVAC | E4: brick:HVAC_System | F4: rdfs:label_en | G4: Chilled Water System
A5: entity:Electrical_System | B5: brick:System | C5: brick:isPartOf | D5: entity:QF | E5: rec:Site | F5: rdfs:label_en | G5: Electrical System
A6: entity:HVAC | B6: brick:HVAC_System | C6: brick:isPartOf | D6: entity:QF | E6: rec:Site | F6: rdfs:label_en | G6: HVAC System
A7: entity:SSC | B7: rec:Building | C7: rec:isPartOf | D7: entity:QF | E7: rec:Site | F7: rdfs:label_en | G7: SSC Building | H7: rdfs:label_en | I7: Qatar Foundation
A8: entity:SSC_01_001_CORRIDOR | B8: rec:Room | C8: rec:isPartOf | D8: entity:SSC_Level-01 | E8: rec:Level | F8: rdfs:label_en | G8: 1.001 CORRIDOR
A9: entity:SSC_01_002_SHELL_SPACE | B9: rec:Room | C9: rec:isPartOf | D9: entity:SSC_Level-01 | E9: rec:Level | F9: rdfs:label_en | G9: 1.002 SHELL SPACE
A10: entity:SSC_01_003_OPEN_SPACE | B10: rec:Room | C10: rec:isPartOf | D10: entity:SSC_Level-01 | E10: rec:Level | F10: rdfs:label_en | G10: 1.003 OPEN SPACE
A11: entity:SSC_01_004_CORRIDOR | B11: rec:Room | C11: rec:isPartOf | D11: entity:SSC_Level-01 | E11: rec:Level | F11: rdfs:label_en | G11: 1.004 CORRIDOR
A12: entity:SSC_01_005_KITCHEN | B12: rec:Room | C12: rec:isPartOf | D12: entity:SSC_Level-01 | E12: rec:Level | F12: rdfs:label_en | G12: 1.005 KITCHEN
A13: entity:SSC_01_006_MALE_TOILET | B13: rec:Room | C13: rec:isPartOf | D13: entity:SSC_Level-01 | E13: rec:Level | F13: rdfs:label_en | G13: 1.006 MALE TOILET
A14: entity:SSC_01_007_FEMALE_TOILET | B14: rec:Room | C14: rec:isPartOf | D14: entity:SSC_Level-01 | E14: rec:Level | F14: rdfs:label_en | G14: 1.007 FEMALE TOILET
A15: entity:SSC_01_008_AV_ROOM | B15: rec:Room | C15: rec:isPartOf | D15: entity:SSC_Level-01 | E15: rec:Level | F15: rdfs:label_en | G15: 1.008 A / V ROOM
A16: entity:SSC_01_009_AUDITORIUM | B16: rec:Room | C16: rec:isPartOf | D16: entity:SSC_Level-01 | E16: rec:Level | F16: rdfs:label_en | G16: 1.009 AUDITORIUM MEETING ROOM
A17: entity:SSC_01_010_CORRIDOR | B17: rec:Room | C17: rec:isPartOf | D17: entity:SSC_Level-01 | E17: rec:Level | F17: rdfs:label_en | G17: 1.01 CORRIDOR
A18: entity:SSC_01_011_AIR_LOCK | B18: rec:Room | C18: rec:isPartOf | D18: entity:SSC_Level-01 | E18: rec:Level | F18: rdfs:label_en | G18: 1.011 AIR LOCK
A19: entity:SSC_01_012_STORAGE | B19: rec:Room | C19: rec:isPartOf | D19: entity:SSC_Level-01 | E19: rec:Level | F19: rdfs:label_en | G19: 1.012 STORAGE
... A127: entity:SSC_03_ST-2_STAIR-2 | B127: rec:Room | C127: rec:isPartOf | D127: entity:SSC_Level-03 | E127: rec:Level | F127: rdfs:label_en | G127: 03.ST-2 STAIR-2
A128: entity:SSC_AHUB0001 | B128: brick:Air_Handling_Unit | C128: brick:hasPart | D128: entity:SSC_AHUB0001_CHW-Coil | E128: brick:Chilled_Water_Coil | H128: rdfs:label_en | I128: Chilled Water Coil
A129: entity:SSC_AHUB0001 | B129: brick:Air_Handling_Unit | C129: brick:hasPart | D129: entity:SSC_AHUB0001_Filter | E129: brick:Filter | H129: rdfs:label_en | I129: Pre Filter and Bag Filter
A130: entity:SSC_AHUB0001 | B130: brick:Air_Handling_Unit | C130: brick:hasPart | D130: entity:SSC_AHUB0001_OAD | E130: brick:Outside_Damper | H130: rdfs:label_en | I130: Outside Air Damper
A131: entity:SSC_AHUB0001 | B131: brick:Air_Handling_Unit | C131: brick:hasPart | D131: entity:SSC_AHUB0001_RAD | E131: brick:Return_Damper | H131: rdfs:label_en | I131: Return Air Damper
A132: entity:SSC_AHUB0001 | B132: brick:Air_Handling_Unit | C132: brick:hasPart | D132: entity:SSC_AHUB0001_MAD | E132: brick:Mixed_Damper | H132: rdfs:label_en | I132: Mixed Air Damper
A133: entity:SSC_AHUB0001 | B133: brick:Air_Handling_Unit | C133: brick:hasPart | D133: entity:SSC_AHUB0001_EAD | E133: brick:Exhaust_Damper | H133: rdfs:label_en | I133: Exhaust Air Damper
A134: entity:SSC_AHUB0001 | B134: brick:Air_Handling_Unit | C134: brick:hasPart | D134: entity:SSC_AHUB0001_RF | E134: brick:Return_Fan | H134: rdfs:label_en | I134: Return Fan
A135: entity:SSC_AHUB0001 | B135: brick:Air_Handling_Unit | C135: brick:hasPart | D135: entity:SSC_AHUB0001_SF | E135: brick:Supply_Fan | H135: rdfs:label_en | I135: Supply Fan
A136: entity:SSC_AHUB0001 | B136: brick:Air_Handling_Unit | C136: brick:hasPart | D136: entity:SSC_AHUB0001_Heater | E136: brick:Heater | H136: rdfs:label_en | I136: Heater
A137: entity:SSC_AHUB0001 | B137: brick:Air_Handling_Unit | C137: brick:hasPoint | D137: entity:SSC_AHUB0001_OA_RH | E137: brick:Outside_Air_Humidity_Sensor | H137: rdfs:label_en | I137: Fresh Air Humidity | L137: brick:hasUnit | M137: unit:PERCENT_RH
A138: entity:SSC_AHUB0001 | B138: brick:Air_Handling_Unit | C138: brick:hasPoint | D138: entity:SSC_AHUB0001_OA_Temperature | E138: brick:Outside_Air_Temperature_Sensor | H138: rdfs:label_en | I138: Fresh Air Temperature | L138: brick:hasUnit | M138: unit:DEG_C
A139: entity:SSC_AHUB0001 | B139: brick:Air_Handling_Unit | C139: brick:hasPoint | D139: entity:SSC_AHUB0001_RA_RH | E139: brick:Return_Air_Humidity_Sensor | H139: rdfs:label_en | I139: Return Air Humidity | L139: brick:hasUnit | M139: unit:PERCENT_RH
A140: entity:SSC_AHUB0001 | B140: brick:Air_Handling_Unit | C140: brick:hasPoint | D140: entity:SSC_AHUB0001_RA_Temperature | E140: brick:Return_Air_Temperature_Sensor | H140: rdfs:label_en | I140: Return Air Temperature | L140: brick:hasUnit | M140: unit:DEG_C
A141: entity:SSC_AHUB0001 | B141: brick:Air_Handling_Unit | C141: brick:hasPoint | D141: entity:SSC_AHUB0001_RA_Flow | E141: brick:Return_Air_Flow_Sensor | H141: rdfs:label_en | I141: Return Air Flow | L141: brick:hasUnit | M141: unit:L-PER-SEC
A142: entity:SSC_AHUB0001 | B142: brick:Air_Handling_Unit | C142: brick:hasPoint | D142: entity:SSC_AHUB0001_MA_Temperature | E142: brick:Mixed_Air_Temperature_Sensor | H142: rdfs:label_en | I142: Mixed Air Temperature | L142: brick:hasUnit | M142: unit:DEG_C
A143: entity:SSC_AHUB0001 | B143: brick:Air_Handling_Unit | C143: brick:hasPoint | D143: entity:SSC_AHUB0001_SA_Flow | E143: brick:Supply_Air_Flow_Sensor | H143: rdfs:label_en | I143: Supply Air Flow | L143: brick:hasUnit | M143: unit:L-PER-SEC
A144: entity:SSC_AHUB0001 | B144: brick:Air_Handling_Unit | C144: brick:hasPoint | D144: entity:SSC_AHUB0001_SA_RH | E144: brick:Supply_Air_Humidity_Sensor | H144: rdfs:label_en | I144: Supply Air Humidity | L144: brick:hasUnit | M144: unit:PERCENT_RH
A145: entity:SSC_AHUB0001 | B145: brick:Air_Handling_Unit | C145: brick:hasPoint | D145: entity:SSC_AHUB0001_SAT | E145: brick:Supply_Air_Temperature_Sensor | H145: rdfs:label_en | I145: Supply Air Temperature | L145: brick:hasUnit | M145: unit:DEG_C
A146: entity:SSC_AHUB0001 | B146: brick:Air_Handling_Unit | C146: brick:hasPoint | D146: entity:SSC_AHUB0001_Occupancy_Mode | E146: brick:Occupancy_Status | H146: rdfs:label_en | I146: Occupancy Mode | L146: brick:hasUnit | M146: unit:UNITLESS
A147: entity:SSC_AHUB0001 | B147: brick:Air_Handling_Unit | C147: brick:hasPoint | D147: entity:SSC_AHUB0001_Dehum_Setpoint | E147: brick:Humidity_Setpoint | H147: rdfs:label_en | I147: Dehumidification Setpoint | L147: brick:hasUnit | M147: unit:PERCENT_RH
A148: entity:SSC_AHUB0001 | B148: brick:Air_Handling_Unit | C148: brick:hasPoint | D148: entity:SSC_AHUB0001_Occ_Temp_Setpoint | E148: brick:ccupied_Air_Temperature_Setpoint | H148: rdfs:label_en | I148: Occupied Temperature Setpoint | L148: brick:hasUnit | M148: unit:DEG_C
... A155: entity:SSC_AHUB0001 | B155: brick:Air_Handling_Unit | C155: brick:hasPoint | D155: entity:SSC_AHUB0001_RA_P-Static | E155: para:Return_Air_Static_Pressure_Sensor | H155: rdfs:label_en | I155: Return Air Duct Pressure | L155: brick:hasUnit | M155: unit:PA
A156: entity:SSC_AHUB0001 | B156: brick:Air_Handling_Unit | C156: brick:isPartOf | D156: entity:HVAC | E156: brick:System | F156: rdfs:label_en | G156: SSC AHUB0001 | J156: rdfs:comment | K156: Serves Level 1 & Level 3 VAVs; coil/fan/points pending AHU schedule + IO list.
A157: entity:SSC_AHUB0001 | B157: brick:Air_Handling_Unit | C157: para:ratedOutsideAirFlowrate | D157: <blanknode> | E157: <blanknode> | H157: brick:value | I157: 570 l/s | L157: brick:hasUnit | M157: unit:L-PER-SEC
A158: entity:SSC_AHUB0001 | B158: brick:Air_Handling_Unit | C158: para:ratedSupplyAirFlowrate | D158: <blanknode> | E158: <blanknode> | H158: brick:value | I158: 3800 l/s | L158: brick:hasUnit | M158: unit:L-PER-SEC
A159: entity:SSC_AHUB0001 | B159: brick:Air_Handling_Unit | C159: rec:isFedBy | D159: entity:CHWS-MAIN-LOOP | E159: para:Chilled_Water_Loop_Network
A160: entity:SSC_AHUB0001 | B160: brick:Air_Handling_Unit | C160: rec:locatedIn | D160: entity:SSC_B1_013_CHILLED_WATER | E160: rec:Room
A161: entity:SSC_AHUB0001 | B161: brick:Air_Handling_Unit | C161: ref:hasExternalReference | D161: <blanknode> | E161: ref:IFCReference | H161: para:IFC_ID | I161: SSC_AHUB0001 | L161: ref:ifcName | M161: SSC_AHUB0001
A162: entity:SSC_AHUB0001_CHW-Coil | B162: brick:Chilled_Water_Coil | C162: brick:coolingCapacity | D162: <blanknode> | E162: <blanknode> | H162: brick:value | I162: 29.5 | L162: brick:hasUnit | M162: unit:KiloW
A163: entity:SSC_AHUB0001_CHW-Coil | B163: brick:Chilled_Water_Coil | C163: brick:hasPart | D163: entity:SSC_AHUB0001_CHW-Coil_Valve | E163: brick:Cooling_Valve | H163: rdfs:label_en | I163: Chilled Water Cooling Valve
A164: entity:SSC_AHUB0001_CHW-Coil_Cooling-Load-Consumption | B164: brick:Thermal_Energy_Usage_Sensor | C164: ref:hasExternalReference | D164: <blanknode> | E164: ref:TimeseriesReference | H164: ref:hasTimeseriesId | I164: CWPWR_KWTH_CALC | L164: para:hasEntityId | M164: SSC_AHUB0001
A165: entity:SSC_AHUB0001_CHW-Coil_Cooling-Load-Demand | B165: brick:Thermal_Power_Sensor | C165: ref:hasExternalReference | D165: <blanknode> | E165: ref:TimeseriesReference | H165: ref:hasTimeseriesId | I165: CWPWR_KWT_CALC | L165: para:hasEntityId | M165: SSC_AHUB0001
A166: entity:SSC_AHUB0001_CHW-Coil_Valve | B166: brick:Cooling_Valve | C166: brick:hasPart | D166: entity:SSC_AHUB0001_Cooling-Thermal-Virtual-Meter | E166: brick:Thermal_Power_Meter | H166: rdfs:label_en | I166: Cooling Thermal Power Meter
A167: entity:SSC_AHUB0001_CHW-Coil_Valve | B167: brick:Cooling_Valve | C167: brick:hasPoint | D167: entity:SSC_AHUB0001_CHW-Coil_Valve_Pos-Command | E167: brick:Valve_Position_Command | H167: rdfs:label_en | I167: Cooling Valve Position Command | L167: brick:hasUnit | M167: unit:PERCENT
A168: entity:SSC_AHUB0001_CHW-Coil_Valve | B168: brick:Cooling_Valve | C168: brick:hasPoint | D168: entity:SSC_AHUB0001_CHW-Coil_Valve_Pos-Feedback | E168: brick:Valve_Position_Sensor | H168: rdfs:label_en | I168: Cooling Valve Position Feedback | L168: brick:hasUnit | M168: unit:PERCENT
A169: entity:SSC_AHUB0001_CHW-Coil_Valve_Pos-Command | B169: brick:Valve_Position_Command | C169: ref:hasExternalReference | D169: <blanknode> | E169: ref:TimeseriesReference | H169: ref:hasTimeseriesId | I169: SSC_AHUB0001_CoolVlv.PosCmd | L169: para:hasEntityId | M169: SSC_AHUB0001
A170: entity:SSC_AHUB0001_CHW-Coil_Valve_Pos-Feedback | B170: brick:Valve_Position_Sensor | C170: ref:hasExternalReference | D170: <blanknode> | E170: ref:TimeseriesReference | H170: ref:hasTimeseriesId | I170: SSC_AHUB0001_CoolVlv.PosFbk | L170: para:hasEntityId | M170: SSC_AHUB0001
A171: entity:SSC_AHUB0001_Cooling-Thermal-Virtual-Meter | B171: brick:Thermal_Power_Meter | C171: brick:hasPoint | D171: entity:SSC_AHUB0001_CHW-Coil_Cooling-Load-Consumption | E171: brick:Thermal_Energy_Usage_Sensor | H171: rdfs:label_en | I171: Cooling Load Consumption | L171: brick:hasUnit | M171: para:KiloWt-HR
A172: entity:SSC_AHUB0001_Cooling-Thermal-Virtual-Meter | B172: brick:Thermal_Power_Meter | C172: brick:hasPoint | D172: entity:SSC_AHUB0001_CHW-Coil_Cooling-Load-Demand | E172: brick:Thermal_Power_Sensor | H172: rdfs:label_en | I172: Cooling Load Demand | L172: brick:hasUnit | M172: para:KiloWt
A173: entity:SSC_AHUB0001_Dehum_Setpoint | B173: brick:Humidity_Setpoint | C173: ref:hasExternalReference | D173: <blanknode> | E173: ref:TimeseriesReference | H173: ref:hasTimeseriesId | I173: SSC_AHUB0001_SP.DehumSP | L173: para:hasEntityId | M173: SSC_AHUB0001
A174: entity:SSC_AHUB0001_EAD | B174: brick:Exhaust_Damper | C174: brick:hasPoint | D174: entity:SSC_AHUB0001_EAD_Pos_Cmd | E174: brick:Valve_Position_Command | H174: rdfs:label_en | I174: Exhaust Damper Position Command | L174: brick:hasUnit | M174: unit:PERCENT
A175: entity:SSC_AHUB0001_EAD | B175: brick:Exhaust_Damper | C175: brick:hasPoint | D175: entity:SSC_AHUB0001_EAD_Pos_Fbk | E175: brick:Valve_Position_Sensor | H175: rdfs:label_en | I175: Exhaust Damper Position Feedback | L175: brick:hasUnit | M175: unit:PERCENT
A176: entity:SSC_AHUB0001_EAD | B176: brick:Exhaust_Damper | C176: brick:hasPoint | D176: entity:SSC_AHUB0001_EAD_Pos-Status | E176: brick:Damper_Position_Status | H176: rdfs:label_en | I176: Exhaust Fan Damper Status | L176: brick:hasUnit | M176: unit:UNITLESS
A177: entity:SSC_AHUB0001_EAD_Pos_Cmd | B177: brick:Valve_Position_Command | C177: ref:hasExternalReference | D177: <blanknode> | E177: ref:TimeseriesReference | H177: ref:hasTimeseriesId | I177: SSC_AHUB0001_ExhDmpr.PositionCmd | L177: para:hasEntityId | M177: SSC_AHUB0001
A178: entity:SSC_AHUB0001_EAD_Pos_Fbk | B178: brick:Valve_Position_Sensor | C178: ref:hasExternalReference | D178: <blanknode> | E178: ref:TimeseriesReference | H178: ref:hasTimeseriesId | I178: SSC_AHUB0001_ExhDmpr.PositionFbk | L178: para:hasEntityId | M178: SSC_AHUB0001
... A213: entity:SSC_AHUB0001_RAD_ReCr_Damper_Pos_92.5 | B213: para:Damper_Position_92.5 | C213: ref:hasExternalReference | D213: <blanknode> | E213: ref:TimeseriesReference | H213: ref:hasTimeseriesId | I213: SSC_AHUB_0001_MinFALoocupTb.RecDmprPos92.5 | L213: para:hasEntityId | M213: SSC_AHUB0001
A214: entity:SSC_AHUB0001_RF | B214: brick:Return_Fan | C214: brick:hasPart | D214: entity:SSC_AHUB0001_RF_Motor | E214: brick:Motor | H214: rdfs:label_en | I214: Return Fan Motor
A215: entity:SSC_AHUB0001_RF | B215: brick:Return_Fan | C215: brick:hasPoint | D215: entity:SSC_AHUB0001_RF_AutoMan_Status | E215: brick:Manual_Auto_Status | H215: rdfs:label_en | I215: Return Fan AutoMan_Status | L215: brick:hasUnit | M215: unit:UNITLESS
A216: entity:SSC_AHUB0001_RF | B216: brick:Return_Fan | C216: brick:hasPoint | D216: entity:SSC_AHUB0001_RF_TripAlm | E216: brick:Alarm | H216: rdfs:label_en | I216: Return Fan Trip Alarm | L216: brick:hasUnit | M216: unit:UNITLESS
A217: entity:SSC_AHUB0001_RF_AutoMan_Status | B217: brick:Manual_Auto_Status | C217: ref:hasExternalReference | D217: <blanknode> | E217: ref:TimeseriesReference | H217: ref:hasTimeseriesId | I217: SSC_AHUB0001_RtnFan.AutoManSts | L217: para:hasEntityId | M217: SSC_AHUB0001
A218: entity:SSC_AHUB0001_RF_Motor | B218: brick:Motor | C218: brick:hasPart | D218: entity:SSC_AHUB0001_RF_Motor_Electrical-Meter | E218: brick:Electrical_Meter | H218: rdfs:label_en | I218: Electrcial Power Meter
A219: entity:SSC_AHUB0001_RF_Motor | B219: brick:Motor | C219: brick:hasPoint | D219: entity:SSC_AHUB0001_RF_Motor_Speed_Cmd | E219: brick:Speed_Command | H219: rdfs:label_en | I219: Return Fan Speed Command | L219: brick:hasUnit | M219: unit:PERCENT
A220: entity:SSC_AHUB0001_RF_Motor | B220: brick:Motor | C220: brick:hasPoint | D220: entity:SSC_AHUB0001_RF_Motor_Speed_Fbk | E220: brick:Speed_Sensor | H220: rdfs:label_en | I220: Return Fan Speed Feedback | L220: brick:hasUnit | M220: unit:RPM
A221: entity:SSC_AHUB0001_RF_Motor_Electrical-Meter | B221: brick:Electrical_Meter | C221: brick:hasPoint | D221: entity:SSC_AHUB0001_RF_Motor_Electrical-Meter_Power-Demand | E221: brick:Electric_Power_Sensor | H221: rdfs:label_en | I221: Return Fan Electrical Demand | L221: brick:hasUnit | M221: unit:KiloW
A222: entity:SSC_AHUB0001_RF_Motor_Electrical-Meter | B222: brick:Electrical_Meter | C222: brick:hasPoint | D222: entity:SSC_AHUB0001_RF_Motor_Electrical-Meter_Electrical_Energy_Consumption | E222: brick:Electrical_Energy_Usage_Sensor | H222: rdfs:label_en | I222: Return Fan Energy Consumption | L222: brick:hasUnit | M222: unit:MegaW-HR
A223: entity:SSC_AHUB0001_RF_Motor_Electrical-Meter_Electrical_Energy_Consumption | B223: brick:Electrical_Energy_Usage_Sensor | C223: ref:hasExternalReference | D223: <blanknode> | E223: ref:TimeseriesReference | H223: ref:hasTimeseriesId | I223: SSC_AHUB0001_RtnFan.kWh | L223: para:hasEntityId | M223: SSC_AHUB0001
A224: entity:SSC_AHUB0001_RF_Motor_Electrical-Meter_Power-Demand | B224: brick:Electric_Power_Sensor | C224: ref:hasExternalReference | D224: <blanknode> | E224: ref:TimeseriesReference | H224: ref:hasTimeseriesId | I224: SSC_AHUB0001_RtnFan.kW | L224: para:hasEntityId | M224: SSC_AHUB0001
A225: entity:SSC_AHUB0001_RF_Motor_Speed_Cmd | B225: brick:Speed_Command | C225: ref:hasExternalReference | D225: <blanknode> | E225: ref:TimeseriesReference | H225: ref:hasTimeseriesId | I225: SSC_AHUB0001_RtnFan.SpeedCmd | L225: para:hasEntityId | M225: SSC_AHUB0001
A226: entity:SSC_AHUB0001_RF_Motor_Speed_Fbk | B226: brick:Speed_Sensor | C226: ref:hasExternalReference | D226: <blanknode> | E226: ref:TimeseriesReference | H226: ref:hasTimeseriesId | I226: SSC_AHUB0001_RtnFan.SpeedFbk | L226: para:hasEntityId | M226: SSC_AHUB0001
A227: entity:SSC_AHUB0001_RF_TripAlm | B227: brick:Alarm | C227: ref:hasExternalReference | D227: <blanknode> | E227: ref:TimeseriesReference | H227: ref:hasTimeseriesId | I227: SSC_AHUB0001_RtnFan.TripAlm | L227: para:hasEntityId | M227: SSC_AHUB0001
A228: entity:SSC_AHUB0001_SA_Flow | B228: brick:Supply_Air_Flow_Sensor | C228: ref:hasExternalReference | D228: <blanknode> | E228: ref:TimeseriesReference | H228: ref:hasTimeseriesId | I228: SSC_AHUB0001_SupAirFlow.PV | L228: para:hasEntityId | M228: SSC_AHUB0001
A229: entity:SSC_AHUB0001_SA_P-Static | B229: brick:Static_Pressure_Sensor | C229: ref:hasExternalReference | D229: <blanknode> | E229: ref:TimeseriesReference | H229: ref:hasTimeseriesId | I229: SSC_AHUB0001_SupAirDuctPrsRmt1.PV | L229: para:hasEntityId | M229: SSC_AHUB0001
A230: entity:SSC_AHUB0001_SA_RH | B230: brick:Supply_Air_Humidity_Sensor | C230: ref:hasExternalReference | D230: <blanknode> | E230: ref:TimeseriesReference | H230: ref:hasTimeseriesId | I230: SSC_AHUB0001_SupAirHum.PV | L230: para:hasEntityId | M230: SSC_AHUB0001
... A232: entity:SSC_AHUB0001_SAT | B232: brick:Supply_Air_Temperature_Sensor | C232: ref:hasExternalReference | D232: <blanknode> | E232: ref:TimeseriesReference | H232: ref:hasTimeseriesId | I232: SSC_AHUB0001_SupAirTemp.PV | L232: para:hasEntityId | M232: SSC_AHUB0001
A233: entity:SSC_AHUB0001_SF | B233: brick:Supply_Fan | C233: brick:hasPart | D233: entity:SSC_AHUB0001_SF_Motor | E233: brick:Motor | H233: rdfs:label_en | I233: Supply Fan Motor
A234: entity:SSC_AHUB0001_SF | B234: brick:Supply_Fan | C234: brick:hasPoint | D234: entity:SSC_AHUB0001_SF_TripAlm | E234: brick:Alarm | H234: rdfs:label_en | I234: Supplu Fan Trip Alarm | L234: brick:hasUnit | M234: unit:UNITLESS
A235: entity:SSC_AHUB0001_SF | B235: brick:Supply_Fan | C235: brick:hasPoint | D235: entity:SSC_AHUB0001_SF_AutoMan_Status | E235: brick:Manual_Auto_Status | H235: rdfs:label_en | I235: Supply Fan Auto Man Status | L235: brick:hasUnit | M235: unit:UNITLESS
A236: entity:SSC_AHUB0001_SF | B236: brick:Supply_Fan | C236: brick:hasPoint | D236: entity:SSC_AHUB0001_SF_FailtoStop | E236: para:Fail_Stop_Alarm | H236: rdfs:label_en | I236: Supply Fan Fail to Stop | L236: brick:hasUnit | M236: unit:UNITLESS
A237: entity:SSC_AHUB0001_SF | B237: brick:Supply_Fan | C237: brick:hasPoint | D237: entity:SSC_AHUB0001_SF_FailtoStart | E237: para:Fail_Start_Alarm | H237: rdfs:label_en | I237: Supply Fan FailtoStart | L237: brick:hasUnit | M237: unit:UNITLESS
A238: entity:SSC_AHUB0001_SF | B238: brick:Supply_Fan | C238: brick:hasPoint | D238: entity:SSC_AHUB0001_SF_Status | E238: brick:On_Off_Status | H238: rdfs:label_en | I238: Supply Fan Status | L238: brick:hasUnit | M238: unit:UNITLESS
A239: entity:SSC_AHUB0001_SF_AutoMan_Status | B239: brick:Manual_Auto_Status | C239: ref:hasExternalReference | D239: <blanknode> | E239: ref:TimeseriesReference | H239: ref:hasTimeseriesId | I239: SSC_AHUB0001_SupFan.AutoManSts | L239: para:hasEntityId | M239: SSC_AHUB0001
A240: entity:SSC_AHUB0001_SF_FailtoStart | B240: para:Fail_Start_Alarm | C240: ref:hasExternalReference | D240: <blanknode> | E240: ref:TimeseriesReference | H240: ref:hasTimeseriesId | I240: SSC_AHUB0001_SupFan.FTST | L240: para:hasEntityId | M240: SSC_AHUB0001
A241: entity:SSC_AHUB0001_SF_FailtoStop | B241: para:Fail_Stop_Alarm | C241: ref:hasExternalReference | D241: <blanknode> | E241: ref:TimeseriesReference | H241: ref:hasTimeseriesId | I241: SSC_AHUB0001_SupFan.FTSP | L241: para:hasEntityId | M241: SSC_AHUB0001
A242: entity:SSC_AHUB0001_SF_Motor | B242: brick:Motor | C242: brick:hasPart | D242: entity:SSC_AHUB0001_SF_Motor_Electrical-Meter | E242: brick:Electrical_Meter | H242: rdfs:label_en | I242: Electrcial Power Meter
A243: entity:SSC_AHUB0001_SF_Motor | B243: brick:Motor | C243: brick:hasPoint | D243: entity:SSC_AHUB0001_SF_Motor_Speed_Cmd | E243: brick:Speed_Command | H243: rdfs:label_en | I243: Supply Fan Speed Command | L243: brick:hasUnit | M243: unit:PERCENT
A244: entity:SSC_AHUB0001_SF_Motor | B244: brick:Motor | C244: brick:hasPoint | D244: entity:SSC_AHUB0001_SF_Motor_Speed_Fbk | E244: brick:Speed_Sensor | H244: rdfs:label_en | I244: Supply Fan Speed Feedback | L244: brick:hasUnit | M244: unit:RPM
A245: entity:SSC_AHUB0001_SF_Motor | B245: brick:Motor | C245: para:ratedFrequency | D245: <blanknode> | E245: <blanknode> | H245: brick:value | I245: 50 | L245: brick:hasUnit | M245: unit:HZ
A246: entity:SSC_AHUB0001_SF_Motor | B246: brick:Motor | C246: para:ratedPower | D246: <blanknode> | E246: <blanknode> | H246: brick:value | I246: 11 | L246: brick:hasUnit | M246: unit:KiloW
A247: entity:SSC_AHUB0001_SF_Motor | B247: brick:Motor | C247: para:ratedVoltage | D247: <blanknode> | E247: <blanknode> | H247: brick:value | I247: 415 | L247: brick:hasUnit | M247: unit:V
A248: entity:SSC_AHUB0001_SF_Motor_Electrical_Energy_Consumption | B248: brick:Electrical_Energy_Usage_Sensor | C248: ref:hasExternalReference | D248: <blanknode> | E248: ref:TimeseriesReference | H248: ref:hasTimeseriesId | I248: SSC_AHUB0001_SupFan.kWh | L248: para:hasEntityId | M248: SSC_AHUB0001
...

Sheet CCU_Comparison
A1: CCU / CRAC Ontology Consistency Check — 14 units
A2: Source: SSC_Ontology_Ver0.5!A815:E1346 (532 triples). Relations normalised by replacing the unit id with {U}, then counted per unit. rec:locatedIn relations are excluded - location legitimately differs by unit.
A4: 1. Triple count per unit
A5: Metric | B5: CCU3F0301 | C5: CCU3F0302 | D5: CCUB0001A | E5: CCUB0001B | F5: CCUB0002A | G5: CCUB0002B | H5: CCUB0003 | I5: CCUB0004 | J5: CCUB0005A | K5: CCUB0005B | L5: CCUB0006A | M5: CCUB0006B | N5: CCUB0007 | O5: CCUB0008 | P5: Check
A6: Rows in source | B6: =COUNTIF(SSC_Ontology_Ver0.5!$A$815:$A$1346,"*CCU3F0301*") -> 38 | C6: =COUNTIF(SSC_Ontology_Ver0.5!$A$815:$A$1346,"*CCU3F0302*") -> 38 | D6: =COUNTIF(SSC_Ontology_Ver0.5!$A$815:$A$1346,"*CCUB0001A*") -> 38 | E6: =COUNTIF(SSC_Ontology_Ver0.5!$A$815:$A$1346,"*CCUB0001B*") -> 38 | F6: =COUNTIF(SSC_Ontology_Ver0.5!$A$815:$A$1346,"*CCUB0002A*") -> 38 | G6: =COUNTIF(SSC_Ontology_Ver0.5!$A$815:$A$1346,"*CCUB0002B*") -> 38 | H6: =COUNTIF(SSC_Ontology_Ver0.5!$A$815:$A$1346,"*CCUB0003*") -> 38 | I6: =COUNTIF(SSC_Ontology_Ver0.5!$A$815:$A$1346,"*CCUB0004*") -> 38 | J6: =COUNTIF(SSC_Ontology_Ver0.5!$A$815:$A$1346,"*CCUB0005A*") -> 38 | K6: =COUNTIF(SSC_Ontology_Ver0.5!$A$815:$A$1346,"*CCUB0005B*") -> 38 | L6: =COUNTIF(SSC_Ontology_Ver0.5!$A$815:$A$1346,"*CCUB0006A*") -> 38 | M6: =COUNTIF(SSC_Ontology_Ver0.5!$A$815:$A$1346,"*CCUB0006B*") -> 38 | N6: =COUNTIF(SSC_Ontology_Ver0.5!$A$815:$A$1346,"*CCUB0007*") -> 38 | O6: =COUNTIF(SSC_Ontology_Ver0.5!$A$815:$A$1346,"*CCUB0008*") -> 38 | P6: =IF(MIN(B6:O6)=MAX(B6:O6),"All equal ("&B6&" rows)","MISMATCH") -> All equal (38 rows)
A7: Difference vs CCU3F0301 | B7: =B6-$B$6 -> 0 | C7: =C6-$B$6 -> 0 | D7: =D6-$B$6 -> 0 | E7: =E6-$B$6 -> 0 | F7: =F6-$B$6 -> 0 | G7: =G6-$B$6 -> 0 | H7: =H6-$B$6 -> 0 | I7: =I6-$B$6 -> 0 | ... O7: =O6-$B$6 -> 0
A9: 2. Findings
A10: Triple count: IDENTICAL — all 14 units have exactly 38 rows.
A11: Relation patterns: 40 unique patterns; 37 present exactly once on every unit. No missing points, no duplicated rows.
A12: The only variation is rec:locatedIn (3 distinct rooms: B1_038_SER-2, B1_023_Q_TEL, B1_017_MDF-2) — excluded as agreed.
A13: Type columns (subject type, object type): consistent — every pattern uses the same brick/para class on all 14 units.
A15: 3. Full relation matrix — every unique CCU relation pattern and its count per unit
A16: Subject pattern | B16: Predicate | C16: Object pattern | D16: CCU3F0301 | E16: CCU3F0302 | F16: CCUB0001A | G16: CCUB0001B | H16: CCUB0002A | I16: CCUB0002B | J16: CCUB0003 | K16: CCUB0004 | L16: CCUB0005A | M16: CCUB0005B | N16: CCUB0006A | O16: CCUB0006B | P16: CCUB0007 | Q16: CCUB0008 | R16: Status
A17: entity:SSC_{U} | B17: brick:hasPoint | C17: entity:SSC_{U}_Humidity | D17: =COUNTIFS(SSC_Ontology_Ver0.5!$A$815:$A$1346,SUBSTITUTE($A17,"{U}",D$16),SSC_Ontology_Ver0.5!$C$815:$C$1346,$B17,SSC_Ontology_Ver0.5!$D$815:$D$1346,SUBSTITUTE($C17,"{U}",D$16)) -> 1 | E17: =COUNTIFS(SSC_Ontology_Ver0.5!$A$815:$A$1346,SUBSTITUTE($A17,"{U}",E$16),SSC_Ontology_Ver0.5!$C$815:$C$1346,$B17,SSC_Ontology_Ver0.5!$D$815:$D$1346,SUBSTITUTE($C17,"{U}",E$16)) -> 1 | F17: =COUNTIFS(SSC_Ontology_Ver0.5!$A$815:$A$1346,SUBSTITUTE($A17,"{U}",F$16),SSC_Ontology_Ver0.5!$C$815:$C$1346,$B17,SSC_Ontology_Ver0.5!$D$815:$D$1346,SUBSTITUTE($C17,"{U}",F$16)) -> 1 | G17: =COUNTIFS(SSC_Ontology_Ver0.5!$A$815:$A$1346,SUBSTITUTE($A17,"{U}",G$16),SSC_Ontology_Ver0.5!$C$815:$C$1346,$B17,SSC_Ontology_Ver0.5!$D$815:$D$1346,SUBSTITUTE($C17,"{U}",G$16)) -> 1 | H17: =COUNTIFS(SSC_Ontology_Ver0.5!$A$815:$A$1346,SUBSTITUTE($A17,"{U}",H$16),SSC_Ontology_Ver0.5!$C$815:$C$1346,$B17,SSC_Ontology_Ver0.5!$D$815:$D$1346,SUBSTITUTE($C17,"{U}",H$16)) -> 1 | I17: =COUNTIFS(SSC_Ontology_Ver0.5!$A$815:$A$1346,SUBSTITUTE($A17,"{U}",I$16),SSC_Ontology_Ver0.5!$C$815:$C$1346,$B17,SSC_Ontology_Ver0.5!$D$815:$D$1346,SUBSTITUTE($C17,"{U}",I$16)) -> 1 | J17: =COUNTIFS(SSC_Ontology_Ver0.5!$A$815:$A$1346,SUBSTITUTE($A17,"{U}",J$16),SSC_Ontology_Ver0.5!$C$815:$C$1346,$B17,SSC_Ontology_Ver0.5!$D$815:$D$1346,SUBSTITUTE($C17,"{U}",J$16)) -> 1 | K17: =COUNTIFS(SSC_Ontology_Ver0.5!$A$815:$A$1346,SUBSTITUTE($A17,"{U}",K$16),SSC_Ontology_Ver0.5!$C$815:$C$1346,$B17,SSC_Ontology_Ver0.5!$D$815:$D$1346,SUBSTITUTE($C17,"{U}",K$16)) -> 1 | ... Q17: =COUNTIFS(SSC_Ontology_Ver0.5!$A$815:$A$1346,SUBSTITUTE($A17,"{U}",Q$16),SSC_Ontology_Ver0.5!$C$815:$C$1346,$B17,SSC_Ontology_Ver0.5!$D$815:$D$1346,SUBSTITUTE($C17,"{U}",Q$16)) -> 1 | R17: =IF($B17="rec:locatedIn","Excluded - location varies by unit",IF(AND(MIN(D17:Q17)=MAX(D17:Q17),MAX(D17:Q17)=1),"OK",IF(MIN(D17:Q17)=0,"Not on all units","Duplicated"))) -> OK
A18: entity:SSC_{U} | B18: brick:hasPoint | C18: entity:SSC_{U}_Temperature | D18: =COUNTIFS(SSC_Ontology_Ver0.5!$A$815:$A$1346,SUBSTITUTE($A18,"{U}",D$16),SSC_Ontology_Ver0.5!$C$815:$C$1346,$B18,SSC_Ontology_Ver0.5!$D$815:$D$1346,SUBSTITUTE($C18,"{U}",D$16)) -> 1 | E18: =COUNTIFS(SSC_Ontology_Ver0.5!$A$815:$A$1346,SUBSTITUTE($A18,"{U}",E$16),SSC_Ontology_Ver0.5!$C$815:$C$1346,$B18,SSC_Ontology_Ver0.5!$D$815:$D$1346,SUBSTITUTE($C18,"{U}",E$16)) -> 1 | F18: =COUNTIFS(SSC_Ontology_Ver0.5!$A$815:$A$1346,SUBSTITUTE($A18,"{U}",F$16),SSC_Ontology_Ver0.5!$C$815:$C$1346,$B18,SSC_Ontology_Ver0.5!$D$815:$D$1346,SUBSTITUTE($C18,"{U}",F$16)) -> 1 | G18: =COUNTIFS(SSC_Ontology_Ver0.5!$A$815:$A$1346,SUBSTITUTE($A18,"{U}",G$16),SSC_Ontology_Ver0.5!$C$815:$C$1346,$B18,SSC_Ontology_Ver0.5!$D$815:$D$1346,SUBSTITUTE($C18,"{U}",G$16)) -> 1 | H18: =COUNTIFS(SSC_Ontology_Ver0.5!$A$815:$A$1346,SUBSTITUTE($A18,"{U}",H$16),SSC_Ontology_Ver0.5!$C$815:$C$1346,$B18,SSC_Ontology_Ver0.5!$D$815:$D$1346,SUBSTITUTE($C18,"{U}",H$16)) -> 1 | I18: =COUNTIFS(SSC_Ontology_Ver0.5!$A$815:$A$1346,SUBSTITUTE($A18,"{U}",I$16),SSC_Ontology_Ver0.5!$C$815:$C$1346,$B18,SSC_Ontology_Ver0.5!$D$815:$D$1346,SUBSTITUTE($C18,"{U}",I$16)) -> 1 | J18: =COUNTIFS(SSC_Ontology_Ver0.5!$A$815:$A$1346,SUBSTITUTE($A18,"{U}",J$16),SSC_Ontology_Ver0.5!$C$815:$C$1346,$B18,SSC_Ontology_Ver0.5!$D$815:$D$1346,SUBSTITUTE($C18,"{U}",J$16)) -> 1 | K18: =COUNTIFS(SSC_Ontology_Ver0.5!$A$815:$A$1346,SUBSTITUTE($A18,"{U}",K$16),SSC_Ontology_Ver0.5!$C$815:$C$1346,$B18,SSC_Ontology_Ver0.5!$D$815:$D$1346,SUBSTITUTE($C18,"{U}",K$16)) -> 1 | ... Q18: =COUNTIFS(SSC_Ontology_Ver0.5!$A$815:$A$1346,SUBSTITUTE($A18,"{U}",Q$16),SSC_Ontology_Ver0.5!$C$815:$C$1346,$B18,SSC_Ontology_Ver0.5!$D$815:$D$1346,SUBSTITUTE($C18,"{U}",Q$16)) -> 1 | R18: =IF($B18="rec:locatedIn","Excluded - location varies by unit",IF(AND(MIN(D18:Q18)=MAX(D18:Q18),MAX(D18:Q18)=1),"OK",IF(MIN(D18:Q18)=0,"Not on all units","Duplicated"))) -> OK
A19: entity:SSC_{U} | B19: brick:hasPoint | C19: entity:SSC_{U}_Humidity_Setpoint | D19: =COUNTIFS(SSC_Ontology_Ver0.5!$A$815:$A$1346,SUBSTITUTE($A19,"{U}",D$16),SSC_Ontology_Ver0.5!$C$815:$C$1346,$B19,SSC_Ontology_Ver0.5!$D$815:$D$1346,SUBSTITUTE($C19,"{U}",D$16)) -> 1 | E19: =COUNTIFS(SSC_Ontology_Ver0.5!$A$815:$A$1346,SUBSTITUTE($A19,"{U}",E$16),SSC_Ontology_Ver0.5!$C$815:$C$1346,$B19,SSC_Ontology_Ver0.5!$D$815:$D$1346,SUBSTITUTE($C19,"{U}",E$16)) -> 1 | F19: =COUNTIFS(SSC_Ontology_Ver0.5!$A$815:$A$1346,SUBSTITUTE($A19,"{U}",F$16),SSC_Ontology_Ver0.5!$C$815:$C$1346,$B19,SSC_Ontology_Ver0.5!$D$815:$D$1346,SUBSTITUTE($C19,"{U}",F$16)) -> 1 | G19: =COUNTIFS(SSC_Ontology_Ver0.5!$A$815:$A$1346,SUBSTITUTE($A19,"{U}",G$16),SSC_Ontology_Ver0.5!$C$815:$C$1346,$B19,SSC_Ontology_Ver0.5!$D$815:$D$1346,SUBSTITUTE($C19,"{U}",G$16)) -> 1 | H19: =COUNTIFS(SSC_Ontology_Ver0.5!$A$815:$A$1346,SUBSTITUTE($A19,"{U}",H$16),SSC_Ontology_Ver0.5!$C$815:$C$1346,$B19,SSC_Ontology_Ver0.5!$D$815:$D$1346,SUBSTITUTE($C19,"{U}",H$16)) -> 1 | I19: =COUNTIFS(SSC_Ontology_Ver0.5!$A$815:$A$1346,SUBSTITUTE($A19,"{U}",I$16),SSC_Ontology_Ver0.5!$C$815:$C$1346,$B19,SSC_Ontology_Ver0.5!$D$815:$D$1346,SUBSTITUTE($C19,"{U}",I$16)) -> 1 | J19: =COUNTIFS(SSC_Ontology_Ver0.5!$A$815:$A$1346,SUBSTITUTE($A19,"{U}",J$16),SSC_Ontology_Ver0.5!$C$815:$C$1346,$B19,SSC_Ontology_Ver0.5!$D$815:$D$1346,SUBSTITUTE($C19,"{U}",J$16)) -> 1 | K19: =COUNTIFS(SSC_Ontology_Ver0.5!$A$815:$A$1346,SUBSTITUTE($A19,"{U}",K$16),SSC_Ontology_Ver0.5!$C$815:$C$1346,$B19,SSC_Ontology_Ver0.5!$D$815:$D$1346,SUBSTITUTE($C19,"{U}",K$16)) -> 1 | ... Q19: =COUNTIFS(SSC_Ontology_Ver0.5!$A$815:$A$1346,SUBSTITUTE($A19,"{U}",Q$16),SSC_Ontology_Ver0.5!$C$815:$C$1346,$B19,SSC_Ontology_Ver0.5!$D$815:$D$1346,SUBSTITUTE($C19,"{U}",Q$16)) -> 1 | R19: =IF($B19="rec:locatedIn","Excluded - location varies by unit",IF(AND(MIN(D19:Q19)=MAX(D19:Q19),MAX(D19:Q19)=1),"OK",IF(MIN(D19:Q19)=0,"Not on all units","Duplicated"))) -> OK
A20: entity:SSC_{U} | B20: brick:hasPoint | C20: entity:SSC_{U}_Temperature_Setpoint | D20: =COUNTIFS(SSC_Ontology_Ver0.5!$A$815:$A$1346,SUBSTITUTE($A20,"{U}",D$16),SSC_Ontology_Ver0.5!$C$815:$C$1346,$B20,SSC_Ontology_Ver0.5!$D$815:$D$1346,SUBSTITUTE($C20,"{U}",D$16)) -> 1 | E20: =COUNTIFS(SSC_Ontology_Ver0.5!$A$815:$A$1346,SUBSTITUTE($A20,"{U}",E$16),SSC_Ontology_Ver0.5!$C$815:$C$1346,$B20,SSC_Ontology_Ver0.5!$D$815:$D$1346,SUBSTITUTE($C20,"{U}",E$16)) -> 1 | F20: =COUNTIFS(SSC_Ontology_Ver0.5!$A$815:$A$1346,SUBSTITUTE($A20,"{U}",F$16),SSC_Ontology_Ver0.5!$C$815:$C$1346,$B20,SSC_Ontology_Ver0.5!$D$815:$D$1346,SUBSTITUTE($C20,"{U}",F$16)) -> 1 | G20: =COUNTIFS(SSC_Ontology_Ver0.5!$A$815:$A$1346,SUBSTITUTE($A20,"{U}",G$16),SSC_Ontology_Ver0.5!$C$815:$C$1346,$B20,SSC_Ontology_Ver0.5!$D$815:$D$1346,SUBSTITUTE($C20,"{U}",G$16)) -> 1 | H20: =COUNTIFS(SSC_Ontology_Ver0.5!$A$815:$A$1346,SUBSTITUTE($A20,"{U}",H$16),SSC_Ontology_Ver0.5!$C$815:$C$1346,$B20,SSC_Ontology_Ver0.5!$D$815:$D$1346,SUBSTITUTE($C20,"{U}",H$16)) -> 1 | I20: =COUNTIFS(SSC_Ontology_Ver0.5!$A$815:$A$1346,SUBSTITUTE($A20,"{U}",I$16),SSC_Ontology_Ver0.5!$C$815:$C$1346,$B20,SSC_Ontology_Ver0.5!$D$815:$D$1346,SUBSTITUTE($C20,"{U}",I$16)) -> 1 | J20: =COUNTIFS(SSC_Ontology_Ver0.5!$A$815:$A$1346,SUBSTITUTE($A20,"{U}",J$16),SSC_Ontology_Ver0.5!$C$815:$C$1346,$B20,SSC_Ontology_Ver0.5!$D$815:$D$1346,SUBSTITUTE($C20,"{U}",J$16)) -> 1 | K20: =COUNTIFS(SSC_Ontology_Ver0.5!$A$815:$A$1346,SUBSTITUTE($A20,"{U}",K$16),SSC_Ontology_Ver0.5!$C$815:$C$1346,$B20,SSC_Ontology_Ver0.5!$D$815:$D$1346,SUBSTITUTE($C20,"{U}",K$16)) -> 1 | ... Q20: =COUNTIFS(SSC_Ontology_Ver0.5!$A$815:$A$1346,SUBSTITUTE($A20,"{U}",Q$16),SSC_Ontology_Ver0.5!$C$815:$C$1346,$B20,SSC_Ontology_Ver0.5!$D$815:$D$1346,SUBSTITUTE($C20,"{U}",Q$16)) -> 1 | R20: =IF($B20="rec:locatedIn","Excluded - location varies by unit",IF(AND(MIN(D20:Q20)=MAX(D20:Q20),MAX(D20:Q20)=1),"OK",IF(MIN(D20:Q20)=0,"Not on all units","Duplicated"))) -> OK
A21: entity:SSC_{U} | B21: brick:hasPoint | C21: entity:SSC_{U}_Communication_Alarm | D21: =COUNTIFS(SSC_Ontology_Ver0.5!$A$815:$A$1346,SUBSTITUTE($A21,"{U}",D$16),SSC_Ontology_Ver0.5!$C$815:$C$1346,$B21,SSC_Ontology_Ver0.5!$D$815:$D$1346,SUBSTITUTE($C21,"{U}",D$16)) -> 1 | E21: =COUNTIFS(SSC_Ontology_Ver0.5!$A$815:$A$1346,SUBSTITUTE($A21,"{U}",E$16),SSC_Ontology_Ver0.5!$C$815:$C$1346,$B21,SSC_Ontology_Ver0.5!$D$815:$D$1346,SUBSTITUTE($C21,"{U}",E$16)) -> 1 | F21: =COUNTIFS(SSC_Ontology_Ver0.5!$A$815:$A$1346,SUBSTITUTE($A21,"{U}",F$16),SSC_Ontology_Ver0.5!$C$815:$C$1346,$B21,SSC_Ontology_Ver0.5!$D$815:$D$1346,SUBSTITUTE($C21,"{U}",F$16)) -> 1 | G21: =COUNTIFS(SSC_Ontology_Ver0.5!$A$815:$A$1346,SUBSTITUTE($A21,"{U}",G$16),SSC_Ontology_Ver0.5!$C$815:$C$1346,$B21,SSC_Ontology_Ver0.5!$D$815:$D$1346,SUBSTITUTE($C21,"{U}",G$16)) -> 1 | H21: =COUNTIFS(SSC_Ontology_Ver0.5!$A$815:$A$1346,SUBSTITUTE($A21,"{U}",H$16),SSC_Ontology_Ver0.5!$C$815:$C$1346,$B21,SSC_Ontology_Ver0.5!$D$815:$D$1346,SUBSTITUTE($C21,"{U}",H$16)) -> 1 | I21: =COUNTIFS(SSC_Ontology_Ver0.5!$A$815:$A$1346,SUBSTITUTE($A21,"{U}",I$16),SSC_Ontology_Ver0.5!$C$815:$C$1346,$B21,SSC_Ontology_Ver0.5!$D$815:$D$1346,SUBSTITUTE($C21,"{U}",I$16)) -> 1 | J21: =COUNTIFS(SSC_Ontology_Ver0.5!$A$815:$A$1346,SUBSTITUTE($A21,"{U}",J$16),SSC_Ontology_Ver0.5!$C$815:$C$1346,$B21,SSC_Ontology_Ver0.5!$D$815:$D$1346,SUBSTITUTE($C21,"{U}",J$16)) -> 1 | K21: =COUNTIFS(SSC_Ontology_Ver0.5!$A$815:$A$1346,SUBSTITUTE($A21,"{U}",K$16),SSC_Ontology_Ver0.5!$C$815:$C$1346,$B21,SSC_Ontology_Ver0.5!$D$815:$D$1346,SUBSTITUTE($C21,"{U}",K$16)) -> 1 | ... Q21: =COUNTIFS(SSC_Ontology_Ver0.5!$A$815:$A$1346,SUBSTITUTE($A21,"{U}",Q$16),SSC_Ontology_Ver0.5!$C$815:$C$1346,$B21,SSC_Ontology_Ver0.5!$D$815:$D$1346,SUBSTITUTE($C21,"{U}",Q$16)) -> 1 | R21: =IF($B21="rec:locatedIn","Excluded - location varies by unit",IF(AND(MIN(D21:Q21)=MAX(D21:Q21),MAX(D21:Q21)=1),"OK",IF(MIN(D21:Q21)=0,"Not on all units","Duplicated"))) -> OK
A22: entity:SSC_{U} | B22: brick:hasPoint | C22: entity:SSC_{U}_Loss_of_Airflow | D22: =COUNTIFS(SSC_Ontology_Ver0.5!$A$815:$A$1346,SUBSTITUTE($A22,"{U}",D$16),SSC_Ontology_Ver0.5!$C$815:$C$1346,$B22,SSC_Ontology_Ver0.5!$D$815:$D$1346,SUBSTITUTE($C22,"{U}",D$16)) -> 1 | E22: =COUNTIFS(SSC_Ontology_Ver0.5!$A$815:$A$1346,SUBSTITUTE($A22,"{U}",E$16),SSC_Ontology_Ver0.5!$C$815:$C$1346,$B22,SSC_Ontology_Ver0.5!$D$815:$D$1346,SUBSTITUTE($C22,"{U}",E$16)) -> 1 | F22: =COUNTIFS(SSC_Ontology_Ver0.5!$A$815:$A$1346,SUBSTITUTE($A22,"{U}",F$16),SSC_Ontology_Ver0.5!$C$815:$C$1346,$B22,SSC_Ontology_Ver0.5!$D$815:$D$1346,SUBSTITUTE($C22,"{U}",F$16)) -> 1 | G22: =COUNTIFS(SSC_Ontology_Ver0.5!$A$815:$A$1346,SUBSTITUTE($A22,"{U}",G$16),SSC_Ontology_Ver0.5!$C$815:$C$1346,$B22,SSC_Ontology_Ver0.5!$D$815:$D$1346,SUBSTITUTE($C22,"{U}",G$16)) -> 1 | H22: =COUNTIFS(SSC_Ontology_Ver0.5!$A$815:$A$1346,SUBSTITUTE($A22,"{U}",H$16),SSC_Ontology_Ver0.5!$C$815:$C$1346,$B22,SSC_Ontology_Ver0.5!$D$815:$D$1346,SUBSTITUTE($C22,"{U}",H$16)) -> 1 | I22: =COUNTIFS(SSC_Ontology_Ver0.5!$A$815:$A$1346,SUBSTITUTE($A22,"{U}",I$16),SSC_Ontology_Ver0.5!$C$815:$C$1346,$B22,SSC_Ontology_Ver0.5!$D$815:$D$1346,SUBSTITUTE($C22,"{U}",I$16)) -> 1 | J22: =COUNTIFS(SSC_Ontology_Ver0.5!$A$815:$A$1346,SUBSTITUTE($A22,"{U}",J$16),SSC_Ontology_Ver0.5!$C$815:$C$1346,$B22,SSC_Ontology_Ver0.5!$D$815:$D$1346,SUBSTITUTE($C22,"{U}",J$16)) -> 1 | K22: =COUNTIFS(SSC_Ontology_Ver0.5!$A$815:$A$1346,SUBSTITUTE($A22,"{U}",K$16),SSC_Ontology_Ver0.5!$C$815:$C$1346,$B22,SSC_Ontology_Ver0.5!$D$815:$D$1346,SUBSTITUTE($C22,"{U}",K$16)) -> 1 | ... Q22: =COUNTIFS(SSC_Ontology_Ver0.5!$A$815:$A$1346,SUBSTITUTE($A22,"{U}",Q$16),SSC_Ontology_Ver0.5!$C$815:$C$1346,$B22,SSC_Ontology_Ver0.5!$D$815:$D$1346,SUBSTITUTE($C22,"{U}",Q$16)) -> 1 | R22: =IF($B22="rec:locatedIn","Excluded - location varies by unit",IF(AND(MIN(D22:Q22)=MAX(D22:Q22),MAX(D22:Q22)=1),"OK",IF(MIN(D22:Q22)=0,"Not on all units","Duplicated"))) -> OK
A23: entity:SSC_{U} | B23: brick:hasPoint | C23: entity:SSC_{U}_General_Fault | D23: =COUNTIFS(SSC_Ontology_Ver0.5!$A$815:$A$1346,SUBSTITUTE($A23,"{U}",D$16),SSC_Ontology_Ver0.5!$C$815:$C$1346,$B23,SSC_Ontology_Ver0.5!$D$815:$D$1346,SUBSTITUTE($C23,"{U}",D$16)) -> 1 | E23: =COUNTIFS(SSC_Ontology_Ver0.5!$A$815:$A$1346,SUBSTITUTE($A23,"{U}",E$16),SSC_Ontology_Ver0.5!$C$815:$C$1346,$B23,SSC_Ontology_Ver0.5!$D$815:$D$1346,SUBSTITUTE($C23,"{U}",E$16)) -> 1 | F23: =COUNTIFS(SSC_Ontology_Ver0.5!$A$815:$A$1346,SUBSTITUTE($A23,"{U}",F$16),SSC_Ontology_Ver0.5!$C$815:$C$1346,$B23,SSC_Ontology_Ver0.5!$D$815:$D$1346,SUBSTITUTE($C23,"{U}",F$16)) -> 1 | G23: =COUNTIFS(SSC_Ontology_Ver0.5!$A$815:$A$1346,SUBSTITUTE($A23,"{U}",G$16),SSC_Ontology_Ver0.5!$C$815:$C$1346,$B23,SSC_Ontology_Ver0.5!$D$815:$D$1346,SUBSTITUTE($C23,"{U}",G$16)) -> 1 | H23: =COUNTIFS(SSC_Ontology_Ver0.5!$A$815:$A$1346,SUBSTITUTE($A23,"{U}",H$16),SSC_Ontology_Ver0.5!$C$815:$C$1346,$B23,SSC_Ontology_Ver0.5!$D$815:$D$1346,SUBSTITUTE($C23,"{U}",H$16)) -> 1 | I23: =COUNTIFS(SSC_Ontology_Ver0.5!$A$815:$A$1346,SUBSTITUTE($A23,"{U}",I$16),SSC_Ontology_Ver0.5!$C$815:$C$1346,$B23,SSC_Ontology_Ver0.5!$D$815:$D$1346,SUBSTITUTE($C23,"{U}",I$16)) -> 1 | J23: =COUNTIFS(SSC_Ontology_Ver0.5!$A$815:$A$1346,SUBSTITUTE($A23,"{U}",J$16),SSC_Ontology_Ver0.5!$C$815:$C$1346,$B23,SSC_Ontology_Ver0.5!$D$815:$D$1346,SUBSTITUTE($C23,"{U}",J$16)) -> 1 | K23: =COUNTIFS(SSC_Ontology_Ver0.5!$A$815:$A$1346,SUBSTITUTE($A23,"{U}",K$16),SSC_Ontology_Ver0.5!$C$815:$C$1346,$B23,SSC_Ontology_Ver0.5!$D$815:$D$1346,SUBSTITUTE($C23,"{U}",K$16)) -> 1 | ... Q23: =COUNTIFS(SSC_Ontology_Ver0.5!$A$815:$A$1346,SUBSTITUTE($A23,"{U}",Q$16),SSC_Ontology_Ver0.5!$C$815:$C$1346,$B23,SSC_Ontology_Ver0.5!$D$815:$D$1346,SUBSTITUTE($C23,"{U}",Q$16)) -> 1 | R23: =IF($B23="rec:locatedIn","Excluded - location varies by unit",IF(AND(MIN(D23:Q23)=MAX(D23:Q23),MAX(D23:Q23)=1),"OK",IF(MIN(D23:Q23)=0,"Not on all units","Duplicated"))) -> OK
A24: entity:SSC_{U} | B24: brick:hasPoint | C24: entity:SSC_{U}_Clogged_Filter | D24: =COUNTIFS(SSC_Ontology_Ver0.5!$A$815:$A$1346,SUBSTITUTE($A24,"{U}",D$16),SSC_Ontology_Ver0.5!$C$815:$C$1346,$B24,SSC_Ontology_Ver0.5!$D$815:$D$1346,SUBSTITUTE($C24,"{U}",D$16)) -> 1 | E24: =COUNTIFS(SSC_Ontology_Ver0.5!$A$815:$A$1346,SUBSTITUTE($A24,"{U}",E$16),SSC_Ontology_Ver0.5!$C$815:$C$1346,$B24,SSC_Ontology_Ver0.5!$D$815:$D$1346,SUBSTITUTE($C24,"{U}",E$16)) -> 1 | F24: =COUNTIFS(SSC_Ontology_Ver0.5!$A$815:$A$1346,SUBSTITUTE($A24,"{U}",F$16),SSC_Ontology_Ver0.5!$C$815:$C$1346,$B24,SSC_Ontology_Ver0.5!$D$815:$D$1346,SUBSTITUTE($C24,"{U}",F$16)) -> 1 | G24: =COUNTIFS(SSC_Ontology_Ver0.5!$A$815:$A$1346,SUBSTITUTE($A24,"{U}",G$16),SSC_Ontology_Ver0.5!$C$815:$C$1346,$B24,SSC_Ontology_Ver0.5!$D$815:$D$1346,SUBSTITUTE($C24,"{U}",G$16)) -> 1 | H24: =COUNTIFS(SSC_Ontology_Ver0.5!$A$815:$A$1346,SUBSTITUTE($A24,"{U}",H$16),SSC_Ontology_Ver0.5!$C$815:$C$1346,$B24,SSC_Ontology_Ver0.5!$D$815:$D$1346,SUBSTITUTE($C24,"{U}",H$16)) -> 1 | I24: =COUNTIFS(SSC_Ontology_Ver0.5!$A$815:$A$1346,SUBSTITUTE($A24,"{U}",I$16),SSC_Ontology_Ver0.5!$C$815:$C$1346,$B24,SSC_Ontology_Ver0.5!$D$815:$D$1346,SUBSTITUTE($C24,"{U}",I$16)) -> 1 | J24: =COUNTIFS(SSC_Ontology_Ver0.5!$A$815:$A$1346,SUBSTITUTE($A24,"{U}",J$16),SSC_Ontology_Ver0.5!$C$815:$C$1346,$B24,SSC_Ontology_Ver0.5!$D$815:$D$1346,SUBSTITUTE($C24,"{U}",J$16)) -> 1 | K24: =COUNTIFS(SSC_Ontology_Ver0.5!$A$815:$A$1346,SUBSTITUTE($A24,"{U}",K$16),SSC_Ontology_Ver0.5!$C$815:$C$1346,$B24,SSC_Ontology_Ver0.5!$D$815:$D$1346,SUBSTITUTE($C24,"{U}",K$16)) -> 1 | ... Q24: =COUNTIFS(SSC_Ontology_Ver0.5!$A$815:$A$1346,SUBSTITUTE($A24,"{U}",Q$16),SSC_Ontology_Ver0.5!$C$815:$C$1346,$B24,SSC_Ontology_Ver0.5!$D$815:$D$1346,SUBSTITUTE($C24,"{U}",Q$16)) -> 1 | R24: =IF($B24="rec:locatedIn","Excluded - location varies by unit",IF(AND(MIN(D24:Q24)=MAX(D24:Q24),MAX(D24:Q24)=1),"OK",IF(MIN(D24:Q24)=0,"Not on all units","Duplicated"))) -> OK
A25: entity:SSC_{U} | B25: brick:hasPoint | C25: entity:SSC_{U}_Cool_On_Status | D25: =COUNTIFS(SSC_Ontology_Ver0.5!$A$815:$A$1346,SUBSTITUTE($A25,"{U}",D$16),SSC_Ontology_Ver0.5!$C$815:$C$1346,$B25,SSC_Ontology_Ver0.5!$D$815:$D$1346,SUBSTITUTE($C25,"{U}",D$16)) -> 1 | E25: =COUNTIFS(SSC_Ontology_Ver0.5!$A$815:$A$1346,SUBSTITUTE($A25,"{U}",E$16),SSC_Ontology_Ver0.5!$C$815:$C$1346,$B25,SSC_Ontology_Ver0.5!$D$815:$D$1346,SUBSTITUTE($C25,"{U}",E$16)) -> 1 | F25: =COUNTIFS(SSC_Ontology_Ver0.5!$A$815:$A$1346,SUBSTITUTE($A25,"{U}",F$16),SSC_Ontology_Ver0.5!$C$815:$C$1346,$B25,SSC_Ontology_Ver0.5!$D$815:$D$1346,SUBSTITUTE($C25,"{U}",F$16)) -> 1 | G25: =COUNTIFS(SSC_Ontology_Ver0.5!$A$815:$A$1346,SUBSTITUTE($A25,"{U}",G$16),SSC_Ontology_Ver0.5!$C$815:$C$1346,$B25,SSC_Ontology_Ver0.5!$D$815:$D$1346,SUBSTITUTE($C25,"{U}",G$16)) -> 1 | H25: =COUNTIFS(SSC_Ontology_Ver0.5!$A$815:$A$1346,SUBSTITUTE($A25,"{U}",H$16),SSC_Ontology_Ver0.5!$C$815:$C$1346,$B25,SSC_Ontology_Ver0.5!$D$815:$D$1346,SUBSTITUTE($C25,"{U}",H$16)) -> 1 | I25: =COUNTIFS(SSC_Ontology_Ver0.5!$A$815:$A$1346,SUBSTITUTE($A25,"{U}",I$16),SSC_Ontology_Ver0.5!$C$815:$C$1346,$B25,SSC_Ontology_Ver0.5!$D$815:$D$1346,SUBSTITUTE($C25,"{U}",I$16)) -> 1 | J25: =COUNTIFS(SSC_Ontology_Ver0.5!$A$815:$A$1346,SUBSTITUTE($A25,"{U}",J$16),SSC_Ontology_Ver0.5!$C$815:$C$1346,$B25,SSC_Ontology_Ver0.5!$D$815:$D$1346,SUBSTITUTE($C25,"{U}",J$16)) -> 1 | K25: =COUNTIFS(SSC_Ontology_Ver0.5!$A$815:$A$1346,SUBSTITUTE($A25,"{U}",K$16),SSC_Ontology_Ver0.5!$C$815:$C$1346,$B25,SSC_Ontology_Ver0.5!$D$815:$D$1346,SUBSTITUTE($C25,"{U}",K$16)) -> 1 | ... Q25: =COUNTIFS(SSC_Ontology_Ver0.5!$A$815:$A$1346,SUBSTITUTE($A25,"{U}",Q$16),SSC_Ontology_Ver0.5!$C$815:$C$1346,$B25,SSC_Ontology_Ver0.5!$D$815:$D$1346,SUBSTITUTE($C25,"{U}",Q$16)) -> 1 | R25: =IF($B25="rec:locatedIn","Excluded - location varies by unit",IF(AND(MIN(D25:Q25)=MAX(D25:Q25),MAX(D25:Q25)=1),"OK",IF(MIN(D25:Q25)=0,"Not on all units","Duplicated"))) -> OK
A26: entity:SSC_{U} | B26: brick:hasPoint | C26: entity:SSC_{U}_Dehumidifcation_On_Status | D26: =COUNTIFS(SSC_Ontology_Ver0.5!$A$815:$A$1346,SUBSTITUTE($A26,"{U}",D$16),SSC_Ontology_Ver0.5!$C$815:$C$1346,$B26,SSC_Ontology_Ver0.5!$D$815:$D$1346,SUBSTITUTE($C26,"{U}",D$16)) -> 1 | E26: =COUNTIFS(SSC_Ontology_Ver0.5!$A$815:$A$1346,SUBSTITUTE($A26,"{U}",E$16),SSC_Ontology_Ver0.5!$C$815:$C$1346,$B26,SSC_Ontology_Ver0.5!$D$815:$D$1346,SUBSTITUTE($C26,"{U}",E$16)) -> 1 | F26: =COUNTIFS(SSC_Ontology_Ver0.5!$A$815:$A$1346,SUBSTITUTE($A26,"{U}",F$16),SSC_Ontology_Ver0.5!$C$815:$C$1346,$B26,SSC_Ontology_Ver0.5!$D$815:$D$1346,SUBSTITUTE($C26,"{U}",F$16)) -> 1 | G26: =COUNTIFS(SSC_Ontology_Ver0.5!$A$815:$A$1346,SUBSTITUTE($A26,"{U}",G$16),SSC_Ontology_Ver0.5!$C$815:$C$1346,$B26,SSC_Ontology_Ver0.5!$D$815:$D$1346,SUBSTITUTE($C26,"{U}",G$16)) -> 1 | H26: =COUNTIFS(SSC_Ontology_Ver0.5!$A$815:$A$1346,SUBSTITUTE($A26,"{U}",H$16),SSC_Ontology_Ver0.5!$C$815:$C$1346,$B26,SSC_Ontology_Ver0.5!$D$815:$D$1346,SUBSTITUTE($C26,"{U}",H$16)) -> 1 | I26: =COUNTIFS(SSC_Ontology_Ver0.5!$A$815:$A$1346,SUBSTITUTE($A26,"{U}",I$16),SSC_Ontology_Ver0.5!$C$815:$C$1346,$B26,SSC_Ontology_Ver0.5!$D$815:$D$1346,SUBSTITUTE($C26,"{U}",I$16)) -> 1 | J26: =COUNTIFS(SSC_Ontology_Ver0.5!$A$815:$A$1346,SUBSTITUTE($A26,"{U}",J$16),SSC_Ontology_Ver0.5!$C$815:$C$1346,$B26,SSC_Ontology_Ver0.5!$D$815:$D$1346,SUBSTITUTE($C26,"{U}",J$16)) -> 1 | K26: =COUNTIFS(SSC_Ontology_Ver0.5!$A$815:$A$1346,SUBSTITUTE($A26,"{U}",K$16),SSC_Ontology_Ver0.5!$C$815:$C$1346,$B26,SSC_Ontology_Ver0.5!$D$815:$D$1346,SUBSTITUTE($C26,"{U}",K$16)) -> 1 | ... Q26: =COUNTIFS(SSC_Ontology_Ver0.5!$A$815:$A$1346,SUBSTITUTE($A26,"{U}",Q$16),SSC_Ontology_Ver0.5!$C$815:$C$1346,$B26,SSC_Ontology_Ver0.5!$D$815:$D$1346,SUBSTITUTE($C26,"{U}",Q$16)) -> 1 | R26: =IF($B26="rec:locatedIn","Excluded - location varies by unit",IF(AND(MIN(D26:Q26)=MAX(D26:Q26),MAX(D26:Q26)=1),"OK",IF(MIN(D26:Q26)=0,"Not on all units","Duplicated"))) -> OK
A27: entity:SSC_{U} | B27: brick:hasPoint | C27: entity:SSC_{U}_Electric_Heater_On_Status | D27: =COUNTIFS(SSC_Ontology_Ver0.5!$A$815:$A$1346,SUBSTITUTE($A27,"{U}",D$16),SSC_Ontology_Ver0.5!$C$815:$C$1346,$B27,SSC_Ontology_Ver0.5!$D$815:$D$1346,SUBSTITUTE($C27,"{U}",D$16)) -> 1 | E27: =COUNTIFS(SSC_Ontology_Ver0.5!$A$815:$A$1346,SUBSTITUTE($A27,"{U}",E$16),SSC_Ontology_Ver0.5!$C$815:$C$1346,$B27,SSC_Ontology_Ver0.5!$D$815:$D$1346,SUBSTITUTE($C27,"{U}",E$16)) -> 1 | F27: =COUNTIFS(SSC_Ontology_Ver0.5!$A$815:$A$1346,SUBSTITUTE($A27,"{U}",F$16),SSC_Ontology_Ver0.5!$C$815:$C$1346,$B27,SSC_Ontology_Ver0.5!$D$815:$D$1346,SUBSTITUTE($C27,"{U}",F$16)) -> 1 | G27: =COUNTIFS(SSC_Ontology_Ver0.5!$A$815:$A$1346,SUBSTITUTE($A27,"{U}",G$16),SSC_Ontology_Ver0.5!$C$815:$C$1346,$B27,SSC_Ontology_Ver0.5!$D$815:$D$1346,SUBSTITUTE($C27,"{U}",G$16)) -> 1 | H27: =COUNTIFS(SSC_Ontology_Ver0.5!$A$815:$A$1346,SUBSTITUTE($A27,"{U}",H$16),SSC_Ontology_Ver0.5!$C$815:$C$1346,$B27,SSC_Ontology_Ver0.5!$D$815:$D$1346,SUBSTITUTE($C27,"{U}",H$16)) -> 1 | I27: =COUNTIFS(SSC_Ontology_Ver0.5!$A$815:$A$1346,SUBSTITUTE($A27,"{U}",I$16),SSC_Ontology_Ver0.5!$C$815:$C$1346,$B27,SSC_Ontology_Ver0.5!$D$815:$D$1346,SUBSTITUTE($C27,"{U}",I$16)) -> 1 | J27: =COUNTIFS(SSC_Ontology_Ver0.5!$A$815:$A$1346,SUBSTITUTE($A27,"{U}",J$16),SSC_Ontology_Ver0.5!$C$815:$C$1346,$B27,SSC_Ontology_Ver0.5!$D$815:$D$1346,SUBSTITUTE($C27,"{U}",J$16)) -> 1 | K27: =COUNTIFS(SSC_Ontology_Ver0.5!$A$815:$A$1346,SUBSTITUTE($A27,"{U}",K$16),SSC_Ontology_Ver0.5!$C$815:$C$1346,$B27,SSC_Ontology_Ver0.5!$D$815:$D$1346,SUBSTITUTE($C27,"{U}",K$16)) -> 1 | ... Q27: =COUNTIFS(SSC_Ontology_Ver0.5!$A$815:$A$1346,SUBSTITUTE($A27,"{U}",Q$16),SSC_Ontology_Ver0.5!$C$815:$C$1346,$B27,SSC_Ontology_Ver0.5!$D$815:$D$1346,SUBSTITUTE($C27,"{U}",Q$16)) -> 1 | R27: =IF($B27="rec:locatedIn","Excluded - location varies by unit",IF(AND(MIN(D27:Q27)=MAX(D27:Q27),MAX(D27:Q27)=1),"OK",IF(MIN(D27:Q27)=0,"Not on all units","Duplicated"))) -> OK
A28: entity:SSC_{U} | B28: brick:hasPoint | C28: entity:SSC_{U}_Fan_On_Status | D28: =COUNTIFS(SSC_Ontology_Ver0.5!$A$815:$A$1346,SUBSTITUTE($A28,"{U}",D$16),SSC_Ontology_Ver0.5!$C$815:$C$1346,$B28,SSC_Ontology_Ver0.5!$D$815:$D$1346,SUBSTITUTE($C28,"{U}",D$16)) -> 1 | E28: =COUNTIFS(SSC_Ontology_Ver0.5!$A$815:$A$1346,SUBSTITUTE($A28,"{U}",E$16),SSC_Ontology_Ver0.5!$C$815:$C$1346,$B28,SSC_Ontology_Ver0.5!$D$815:$D$1346,SUBSTITUTE($C28,"{U}",E$16)) -> 1 | F28: =COUNTIFS(SSC_Ontology_Ver0.5!$A$815:$A$1346,SUBSTITUTE($A28,"{U}",F$16),SSC_Ontology_Ver0.5!$C$815:$C$1346,$B28,SSC_Ontology_Ver0.5!$D$815:$D$1346,SUBSTITUTE($C28,"{U}",F$16)) -> 1 | G28: =COUNTIFS(SSC_Ontology_Ver0.5!$A$815:$A$1346,SUBSTITUTE($A28,"{U}",G$16),SSC_Ontology_Ver0.5!$C$815:$C$1346,$B28,SSC_Ontology_Ver0.5!$D$815:$D$1346,SUBSTITUTE($C28,"{U}",G$16)) -> 1 | H28: =COUNTIFS(SSC_Ontology_Ver0.5!$A$815:$A$1346,SUBSTITUTE($A28,"{U}",H$16),SSC_Ontology_Ver0.5!$C$815:$C$1346,$B28,SSC_Ontology_Ver0.5!$D$815:$D$1346,SUBSTITUTE($C28,"{U}",H$16)) -> 1 | I28: =COUNTIFS(SSC_Ontology_Ver0.5!$A$815:$A$1346,SUBSTITUTE($A28,"{U}",I$16),SSC_Ontology_Ver0.5!$C$815:$C$1346,$B28,SSC_Ontology_Ver0.5!$D$815:$D$1346,SUBSTITUTE($C28,"{U}",I$16)) -> 1 | J28: =COUNTIFS(SSC_Ontology_Ver0.5!$A$815:$A$1346,SUBSTITUTE($A28,"{U}",J$16),SSC_Ontology_Ver0.5!$C$815:$C$1346,$B28,SSC_Ontology_Ver0.5!$D$815:$D$1346,SUBSTITUTE($C28,"{U}",J$16)) -> 1 | K28: =COUNTIFS(SSC_Ontology_Ver0.5!$A$815:$A$1346,SUBSTITUTE($A28,"{U}",K$16),SSC_Ontology_Ver0.5!$C$815:$C$1346,$B28,SSC_Ontology_Ver0.5!$D$815:$D$1346,SUBSTITUTE($C28,"{U}",K$16)) -> 1 | ... Q28: =COUNTIFS(SSC_Ontology_Ver0.5!$A$815:$A$1346,SUBSTITUTE($A28,"{U}",Q$16),SSC_Ontology_Ver0.5!$C$815:$C$1346,$B28,SSC_Ontology_Ver0.5!$D$815:$D$1346,SUBSTITUTE($C28,"{U}",Q$16)) -> 1 | R28: =IF($B28="rec:locatedIn","Excluded - location varies by unit",IF(AND(MIN(D28:Q28)=MAX(D28:Q28),MAX(D28:Q28)=1),"OK",IF(MIN(D28:Q28)=0,"Not on all units","Duplicated"))) -> OK
... A56: entity:SSC_{U} | B56: rec:locatedIn | C56: entity:SSC_B1_017_MDF-2 | D56: =COUNTIFS(SSC_Ontology_Ver0.5!$A$815:$A$1346,SUBSTITUTE($A56,"{U}",D$16),SSC_Ontology_Ver0.5!$C$815:$C$1346,$B56,SSC_Ontology_Ver0.5!$D$815:$D$1346,SUBSTITUTE($C56,"{U}",D$16)) -> 0 | E56: =COUNTIFS(SSC_Ontology_Ver0.5!$A$815:$A$1346,SUBSTITUTE($A56,"{U}",E$16),SSC_Ontology_Ver0.5!$C$815:$C$1346,$B56,SSC_Ontology_Ver0.5!$D$815:$D$1346,SUBSTITUTE($C56,"{U}",E$16)) -> 0 | F56: =COUNTIFS(SSC_Ontology_Ver0.5!$A$815:$A$1346,SUBSTITUTE($A56,"{U}",F$16),SSC_Ontology_Ver0.5!$C$815:$C$1346,$B56,SSC_Ontology_Ver0.5!$D$815:$D$1346,SUBSTITUTE($C56,"{U}",F$16)) -> 0 | G56: =COUNTIFS(SSC_Ontology_Ver0.5!$A$815:$A$1346,SUBSTITUTE($A56,"{U}",G$16),SSC_Ontology_Ver0.5!$C$815:$C$1346,$B56,SSC_Ontology_Ver0.5!$D$815:$D$1346,SUBSTITUTE($C56,"{U}",G$16)) -> 0 | H56: =COUNTIFS(SSC_Ontology_Ver0.5!$A$815:$A$1346,SUBSTITUTE($A56,"{U}",H$16),SSC_Ontology_Ver0.5!$C$815:$C$1346,$B56,SSC_Ontology_Ver0.5!$D$815:$D$1346,SUBSTITUTE($C56,"{U}",H$16)) -> 0 | I56: =COUNTIFS(SSC_Ontology_Ver0.5!$A$815:$A$1346,SUBSTITUTE($A56,"{U}",I$16),SSC_Ontology_Ver0.5!$C$815:$C$1346,$B56,SSC_Ontology_Ver0.5!$D$815:$D$1346,SUBSTITUTE($C56,"{U}",I$16)) -> 0 | J56: =COUNTIFS(SSC_Ontology_Ver0.5!$A$815:$A$1346,SUBSTITUTE($A56,"{U}",J$16),SSC_Ontology_Ver0.5!$C$815:$C$1346,$B56,SSC_Ontology_Ver0.5!$D$815:$D$1346,SUBSTITUTE($C56,"{U}",J$16)) -> 0 | K56: =COUNTIFS(SSC_Ontology_Ver0.5!$A$815:$A$1346,SUBSTITUTE($A56,"{U}",K$16),SSC_Ontology_Ver0.5!$C$815:$C$1346,$B56,SSC_Ontology_Ver0.5!$D$815:$D$1346,SUBSTITUTE($C56,"{U}",K$16)) -> 0 | ... Q56: =COUNTIFS(SSC_Ontology_Ver0.5!$A$815:$A$1346,SUBSTITUTE($A56,"{U}",Q$16),SSC_Ontology_Ver0.5!$C$815:$C$1346,$B56,SSC_Ontology_Ver0.5!$D$815:$D$1346,SUBSTITUTE($C56,"{U}",Q$16)) -> 1 | R56: =IF($B56="rec:locatedIn","Excluded - location varies by unit",IF(AND(MIN(D56:Q56)=MAX(D56:Q56),MAX(D56:Q56)=1),"OK",IF(MIN(D56:Q56)=0,"Not on all units","Duplicated"))) -> Excluded - location varies by unit
A59: 4. Location breakdown — rec:locatedIn triple per unit
A60: Unit | B60: # of rec:locatedIn triples | C60: Room (object of the triple) | D60: Units sharing that room
A61: CCU3F0301 | B61: =COUNTIFS(SSC_Ontology_Ver0.5!$A$815:$A$1346,"entity:SSC_"&$A61,SSC_Ontology_Ver0.5!$C$815:$C$1346,"rec:locatedIn") -> 1 | C61: {=_xlfn.TEXTJOIN(" ; ",TRUE,IF((SSC_Ontology_Ver0.5!$A$815:$A$1346="entity:SSC_"&$A61)*(SSC_Ontology_Ver0.5!$C$815:$C$1346="rec:locatedIn"),SSC_Ontology_Ver0.5!$D$815:$D$1346,""))} -> entity:SSC_B1_038_SER-2 | D61: =COUNTIFS(SSC_Ontology_Ver0.5!$C$815:$C$1346,"rec:locatedIn",SSC_Ontology_Ver0.5!$D$815:$D$1346,$C61) -> 6
A62: CCU3F0302 | B62: =COUNTIFS(SSC_Ontology_Ver0.5!$A$815:$A$1346,"entity:SSC_"&$A62,SSC_Ontology_Ver0.5!$C$815:$C$1346,"rec:locatedIn") -> 1 | C62: {=_xlfn.TEXTJOIN(" ; ",TRUE,IF((SSC_Ontology_Ver0.5!$A$815:$A$1346="entity:SSC_"&$A62)*(SSC_Ontology_Ver0.5!$C$815:$C$1346="rec:locatedIn"),SSC_Ontology_Ver0.5!$D$815:$D$1346,""))} -> entity:SSC_B1_038_SER-2 | D62: =COUNTIFS(SSC_Ontology_Ver0.5!$C$815:$C$1346,"rec:locatedIn",SSC_Ontology_Ver0.5!$D$815:$D$1346,$C62) -> 6
A63: CCUB0001A | B63: =COUNTIFS(SSC_Ontology_Ver0.5!$A$815:$A$1346,"entity:SSC_"&$A63,SSC_Ontology_Ver0.5!$C$815:$C$1346,"rec:locatedIn") -> 1 | C63: {=_xlfn.TEXTJOIN(" ; ",TRUE,IF((SSC_Ontology_Ver0.5!$A$815:$A$1346="entity:SSC_"&$A63)*(SSC_Ontology_Ver0.5!$C$815:$C$1346="rec:locatedIn"),SSC_Ontology_Ver0.5!$D$815:$D$1346,""))} -> entity:SSC_B1_038_SER-2 | D63: =COUNTIFS(SSC_Ontology_Ver0.5!$C$815:$C$1346,"rec:locatedIn",SSC_Ontology_Ver0.5!$D$815:$D$1346,$C63) -> 6
A64: CCUB0001B | B64: =COUNTIFS(SSC_Ontology_Ver0.5!$A$815:$A$1346,"entity:SSC_"&$A64,SSC_Ontology_Ver0.5!$C$815:$C$1346,"rec:locatedIn") -> 1 | C64: {=_xlfn.TEXTJOIN(" ; ",TRUE,IF((SSC_Ontology_Ver0.5!$A$815:$A$1346="entity:SSC_"&$A64)*(SSC_Ontology_Ver0.5!$C$815:$C$1346="rec:locatedIn"),SSC_Ontology_Ver0.5!$D$815:$D$1346,""))} -> entity:SSC_B1_038_SER-2 | D64: =COUNTIFS(SSC_Ontology_Ver0.5!$C$815:$C$1346,"rec:locatedIn",SSC_Ontology_Ver0.5!$D$815:$D$1346,$C64) -> 6
A65: CCUB0002A | B65: =COUNTIFS(SSC_Ontology_Ver0.5!$A$815:$A$1346,"entity:SSC_"&$A65,SSC_Ontology_Ver0.5!$C$815:$C$1346,"rec:locatedIn") -> 1 | C65: {=_xlfn.TEXTJOIN(" ; ",TRUE,IF((SSC_Ontology_Ver0.5!$A$815:$A$1346="entity:SSC_"&$A65)*(SSC_Ontology_Ver0.5!$C$815:$C$1346="rec:locatedIn"),SSC_Ontology_Ver0.5!$D$815:$D$1346,""))} -> entity:SSC_B1_038_SER-2 | D65: =COUNTIFS(SSC_Ontology_Ver0.5!$C$815:$C$1346,"rec:locatedIn",SSC_Ontology_Ver0.5!$D$815:$D$1346,$C65) -> 6
A66: CCUB0002B | B66: =COUNTIFS(SSC_Ontology_Ver0.5!$A$815:$A$1346,"entity:SSC_"&$A66,SSC_Ontology_Ver0.5!$C$815:$C$1346,"rec:locatedIn") -> 1 | C66: {=_xlfn.TEXTJOIN(" ; ",TRUE,IF((SSC_Ontology_Ver0.5!$A$815:$A$1346="entity:SSC_"&$A66)*(SSC_Ontology_Ver0.5!$C$815:$C$1346="rec:locatedIn"),SSC_Ontology_Ver0.5!$D$815:$D$1346,""))} -> entity:SSC_B1_038_SER-2 | D66: =COUNTIFS(SSC_Ontology_Ver0.5!$C$815:$C$1346,"rec:locatedIn",SSC_Ontology_Ver0.5!$D$815:$D$1346,$C66) -> 6
A67: CCUB0003 | B67: =COUNTIFS(SSC_Ontology_Ver0.5!$A$815:$A$1346,"entity:SSC_"&$A67,SSC_Ontology_Ver0.5!$C$815:$C$1346,"rec:locatedIn") -> 1 | C67: {=_xlfn.TEXTJOIN(" ; ",TRUE,IF((SSC_Ontology_Ver0.5!$A$815:$A$1346="entity:SSC_"&$A67)*(SSC_Ontology_Ver0.5!$C$815:$C$1346="rec:locatedIn"),SSC_Ontology_Ver0.5!$D$815:$D$1346,""))} -> entity:SSC_B1_023_Q_TEL | D67: =COUNTIFS(SSC_Ontology_Ver0.5!$C$815:$C$1346,"rec:locatedIn",SSC_Ontology_Ver0.5!$D$815:$D$1346,$C67) -> 6
A68: CCUB0004 | B68: =COUNTIFS(SSC_Ontology_Ver0.5!$A$815:$A$1346,"entity:SSC_"&$A68,SSC_Ontology_Ver0.5!$C$815:$C$1346,"rec:locatedIn") -> 1 | C68: {=_xlfn.TEXTJOIN(" ; ",TRUE,IF((SSC_Ontology_Ver0.5!$A$815:$A$1346="entity:SSC_"&$A68)*(SSC_Ontology_Ver0.5!$C$815:$C$1346="rec:locatedIn"),SSC_Ontology_Ver0.5!$D$815:$D$1346,""))} -> entity:SSC_B1_023_Q_TEL | D68: =COUNTIFS(SSC_Ontology_Ver0.5!$C$815:$C$1346,"rec:locatedIn",SSC_Ontology_Ver0.5!$D$815:$D$1346,$C68) -> 6
A69: CCUB0005A | B69: =COUNTIFS(SSC_Ontology_Ver0.5!$A$815:$A$1346,"entity:SSC_"&$A69,SSC_Ontology_Ver0.5!$C$815:$C$1346,"rec:locatedIn") -> 1 | C69: {=_xlfn.TEXTJOIN(" ; ",TRUE,IF((SSC_Ontology_Ver0.5!$A$815:$A$1346="entity:SSC_"&$A69)*(SSC_Ontology_Ver0.5!$C$815:$C$1346="rec:locatedIn"),SSC_Ontology_Ver0.5!$D$815:$D$1346,""))} -> entity:SSC_B1_023_Q_TEL | D69: =COUNTIFS(SSC_Ontology_Ver0.5!$C$815:$C$1346,"rec:locatedIn",SSC_Ontology_Ver0.5!$D$815:$D$1346,$C69) -> 6
A70: CCUB0005B | B70: =COUNTIFS(SSC_Ontology_Ver0.5!$A$815:$A$1346,"entity:SSC_"&$A70,SSC_Ontology_Ver0.5!$C$815:$C$1346,"rec:locatedIn") -> 1 | C70: {=_xlfn.TEXTJOIN(" ; ",TRUE,IF((SSC_Ontology_Ver0.5!$A$815:$A$1346="entity:SSC_"&$A70)*(SSC_Ontology_Ver0.5!$C$815:$C$1346="rec:locatedIn"),SSC_Ontology_Ver0.5!$D$815:$D$1346,""))} -> entity:SSC_B1_023_Q_TEL | D70: =COUNTIFS(SSC_Ontology_Ver0.5!$C$815:$C$1346,"rec:locatedIn",SSC_Ontology_Ver0.5!$D$815:$D$1346,$C70) -> 6
A71: CCUB0006A | B71: =COUNTIFS(SSC_Ontology_Ver0.5!$A$815:$A$1346,"entity:SSC_"&$A71,SSC_Ontology_Ver0.5!$C$815:$C$1346,"rec:locatedIn") -> 1 | C71: {=_xlfn.TEXTJOIN(" ; ",TRUE,IF((SSC_Ontology_Ver0.5!$A$815:$A$1346="entity:SSC_"&$A71)*(SSC_Ontology_Ver0.5!$C$815:$C$1346="rec:locatedIn"),SSC_Ontology_Ver0.5!$D$815:$D$1346,""))} -> entity:SSC_B1_023_Q_TEL | D71: =COUNTIFS(SSC_Ontology_Ver0.5!$C$815:$C$1346,"rec:locatedIn",SSC_Ontology_Ver0.5!$D$815:$D$1346,$C71) -> 6
A72: CCUB0006B | B72: =COUNTIFS(SSC_Ontology_Ver0.5!$A$815:$A$1346,"entity:SSC_"&$A72,SSC_Ontology_Ver0.5!$C$815:$C$1346,"rec:locatedIn") -> 1 | C72: {=_xlfn.TEXTJOIN(" ; ",TRUE,IF((SSC_Ontology_Ver0.5!$A$815:$A$1346="entity:SSC_"&$A72)*(SSC_Ontology_Ver0.5!$C$815:$C$1346="rec:locatedIn"),SSC_Ontology_Ver0.5!$D$815:$D$1346,""))} -> entity:SSC_B1_023_Q_TEL | D72: =COUNTIFS(SSC_Ontology_Ver0.5!$C$815:$C$1346,"rec:locatedIn",SSC_Ontology_Ver0.5!$D$815:$D$1346,$C72) -> 6
... A74: CCUB0008 | B74: =COUNTIFS(SSC_Ontology_Ver0.5!$A$815:$A$1346,"entity:SSC_"&$A74,SSC_Ontology_Ver0.5!$C$815:$C$1346,"rec:locatedIn") -> 1 | C74: {=_xlfn.TEXTJOIN(" ; ",TRUE,IF((SSC_Ontology_Ver0.5!$A$815:$A$1346="entity:SSC_"&$A74)*(SSC_Ontology_Ver0.5!$C$815:$C$1346="rec:locatedIn"),SSC_Ontology_Ver0.5!$D$815:$D$1346,""))} -> entity:SSC_B1_017_MDF-2 | D74: =COUNTIFS(SSC_Ontology_Ver0.5!$C$815:$C$1346,"rec:locatedIn",SSC_Ontology_Ver0.5!$D$815:$D$1346,$C74) -> 2
A76: Conclusion: every CCU has exactly one rec:locatedIn triple, so none is missing or duplicated. The rooms themselves are NOT unique per unit — 6 units share B1_038_SER-2, 6 share B1_023_Q_TEL, and 2 share B1_017_MDF-2.

Sheet AHU_Comparison
A1: AHU Ontology Consistency Check — SSC_AHUB0001 to SSC_AHUB0005
A2: Source: SSC_Ontology_Ver0.5!A128:D773 (646 triples). Relations normalised by replacing the AHU id with {N}, then counted per unit. rec:locatedIn relations are excluded - location legitimately differs by unit.
A4: 1. Triple count per AHU
A5: Metric | B5: AHUB0001 | C5: AHUB0002 | D5: AHUB0003 | E5: AHUB0004 | F5: AHUB0005
A6: Rows in source | B6: =COUNTIF(SSC_Ontology_Ver0.5!$A$128:$A$773,"*AHUB0001*") -> 129 | C6: =COUNTIF(SSC_Ontology_Ver0.5!$A$128:$A$773,"*AHUB0002*") -> 130 | D6: =COUNTIF(SSC_Ontology_Ver0.5!$A$128:$A$773,"*AHUB0003*") -> 128 | E6: =COUNTIF(SSC_Ontology_Ver0.5!$A$128:$A$773,"*AHUB0004*") -> 132 | F6: =COUNTIF(SSC_Ontology_Ver0.5!$A$128:$A$773,"*AHUB0005*") -> 127
A7: Difference vs AHUB0001 | B7: =0 -> 0 | C7: =C6-$B$6 -> 1 | D7: =D6-$B$6 -> -1 | E7: =E6-$B$6 -> 3 | F7: =F6-$B$6 -> -2
A9: 2. Discrepancies (relations whose count is not identical across the 5 AHUs — location relations excluded)
A10: Subject pattern | B10: Predicate | C10: Object pattern | D10: AHUB0001 | E10: AHUB0002 | F10: AHUB0003 | G10: AHUB0004 | H10: AHUB0005 | I10: Finding
A11: entity:SSC_AHUB{N} | B11: brick:hasPoint | C11: entity:SSC_AHUB{N}_SAP_Setpoint | D11: =COUNTIFS(SSC_Ontology_Ver0.5!$A$128:$A$773,SUBSTITUTE($A11,"AHUB{N}",D$10),SSC_Ontology_Ver0.5!$C$128:$C$773,$B11,SSC_Ontology_Ver0.5!$D$128:$D$773,SUBSTITUTE($C11,"AHUB{N}",D$10)) -> 1 | E11: =COUNTIFS(SSC_Ontology_Ver0.5!$A$128:$A$773,SUBSTITUTE($A11,"AHUB{N}",E$10),SSC_Ontology_Ver0.5!$C$128:$C$773,$B11,SSC_Ontology_Ver0.5!$D$128:$D$773,SUBSTITUTE($C11,"AHUB{N}",E$10)) -> 1 | F11: =COUNTIFS(SSC_Ontology_Ver0.5!$A$128:$A$773,SUBSTITUTE($A11,"AHUB{N}",F$10),SSC_Ontology_Ver0.5!$C$128:$C$773,$B11,SSC_Ontology_Ver0.5!$D$128:$D$773,SUBSTITUTE($C11,"AHUB{N}",F$10)) -> 0 | G11: =COUNTIFS(SSC_Ontology_Ver0.5!$A$128:$A$773,SUBSTITUTE($A11,"AHUB{N}",G$10),SSC_Ontology_Ver0.5!$C$128:$C$773,$B11,SSC_Ontology_Ver0.5!$D$128:$D$773,SUBSTITUTE($C11,"AHUB{N}",G$10)) -> 1 | H11: =COUNTIFS(SSC_Ontology_Ver0.5!$A$128:$A$773,SUBSTITUTE($A11,"AHUB{N}",H$10),SSC_Ontology_Ver0.5!$C$128:$C$773,$B11,SSC_Ontology_Ver0.5!$D$128:$D$773,SUBSTITUTE($C11,"AHUB{N}",H$10)) -> 0 | I11: MISSING: SAP_Setpoint point not declared on AHUB0003 and AHUB0005 | J11: Missing or doesn’t exist?
A12: entity:SSC_AHUB{N}_SAP_Setpoint | B12: ref:hasExternalReference | C12: <blanknode> | D12: =COUNTIFS(SSC_Ontology_Ver0.5!$A$128:$A$773,SUBSTITUTE($A12,"AHUB{N}",D$10),SSC_Ontology_Ver0.5!$C$128:$C$773,$B12,SSC_Ontology_Ver0.5!$D$128:$D$773,SUBSTITUTE($C12,"AHUB{N}",D$10)) -> 1 | E12: =COUNTIFS(SSC_Ontology_Ver0.5!$A$128:$A$773,SUBSTITUTE($A12,"AHUB{N}",E$10),SSC_Ontology_Ver0.5!$C$128:$C$773,$B12,SSC_Ontology_Ver0.5!$D$128:$D$773,SUBSTITUTE($C12,"AHUB{N}",E$10)) -> 1 | F12: =COUNTIFS(SSC_Ontology_Ver0.5!$A$128:$A$773,SUBSTITUTE($A12,"AHUB{N}",F$10),SSC_Ontology_Ver0.5!$C$128:$C$773,$B12,SSC_Ontology_Ver0.5!$D$128:$D$773,SUBSTITUTE($C12,"AHUB{N}",F$10)) -> 0 | G12: =COUNTIFS(SSC_Ontology_Ver0.5!$A$128:$A$773,SUBSTITUTE($A12,"AHUB{N}",G$10),SSC_Ontology_Ver0.5!$C$128:$C$773,$B12,SSC_Ontology_Ver0.5!$D$128:$D$773,SUBSTITUTE($C12,"AHUB{N}",G$10)) -> 1 | H12: =COUNTIFS(SSC_Ontology_Ver0.5!$A$128:$A$773,SUBSTITUTE($A12,"AHUB{N}",H$10),SSC_Ontology_Ver0.5!$C$128:$C$773,$B12,SSC_Ontology_Ver0.5!$D$128:$D$773,SUBSTITUTE($C12,"AHUB{N}",H$10)) -> 0 | I12: MISSING: no external reference for SAP_Setpoint on AHUB0003 and AHUB0005 (entity absent) | J12: based on above
A13: entity:SSC_AHUB{N}_RF | B13: brick:hasPoint | C13: entity:SSC_AHUB{N}_RF_AutoMan_Status | D13: =COUNTIFS(SSC_Ontology_Ver0.5!$A$128:$A$773,SUBSTITUTE($A13,"AHUB{N}",D$10),SSC_Ontology_Ver0.5!$C$128:$C$773,$B13,SSC_Ontology_Ver0.5!$D$128:$D$773,SUBSTITUTE($C13,"AHUB{N}",D$10)) -> 1 | E13: =COUNTIFS(SSC_Ontology_Ver0.5!$A$128:$A$773,SUBSTITUTE($A13,"AHUB{N}",E$10),SSC_Ontology_Ver0.5!$C$128:$C$773,$B13,SSC_Ontology_Ver0.5!$D$128:$D$773,SUBSTITUTE($C13,"AHUB{N}",E$10)) -> 1 | F13: =COUNTIFS(SSC_Ontology_Ver0.5!$A$128:$A$773,SUBSTITUTE($A13,"AHUB{N}",F$10),SSC_Ontology_Ver0.5!$C$128:$C$773,$B13,SSC_Ontology_Ver0.5!$D$128:$D$773,SUBSTITUTE($C13,"AHUB{N}",F$10)) -> 1 | G13: =COUNTIFS(SSC_Ontology_Ver0.5!$A$128:$A$773,SUBSTITUTE($A13,"AHUB{N}",G$10),SSC_Ontology_Ver0.5!$C$128:$C$773,$B13,SSC_Ontology_Ver0.5!$D$128:$D$773,SUBSTITUTE($C13,"AHUB{N}",G$10)) -> 0 | H13: =COUNTIFS(SSC_Ontology_Ver0.5!$A$128:$A$773,SUBSTITUTE($A13,"AHUB{N}",H$10),SSC_Ontology_Ver0.5!$C$128:$C$773,$B13,SSC_Ontology_Ver0.5!$D$128:$D$773,SUBSTITUTE($C13,"AHUB{N}",H$10)) -> 1 | I13: MISSING: Return Fan Auto/Manual status not declared on AHUB0004 | J13: Missing or doesn’t exist?
A14: entity:SSC_AHUB{N}_RF_AutoMan_Status | B14: ref:hasExternalReference | C14: <blanknode> | D14: =COUNTIFS(SSC_Ontology_Ver0.5!$A$128:$A$773,SUBSTITUTE($A14,"AHUB{N}",D$10),SSC_Ontology_Ver0.5!$C$128:$C$773,$B14,SSC_Ontology_Ver0.5!$D$128:$D$773,SUBSTITUTE($C14,"AHUB{N}",D$10)) -> 1 | E14: =COUNTIFS(SSC_Ontology_Ver0.5!$A$128:$A$773,SUBSTITUTE($A14,"AHUB{N}",E$10),SSC_Ontology_Ver0.5!$C$128:$C$773,$B14,SSC_Ontology_Ver0.5!$D$128:$D$773,SUBSTITUTE($C14,"AHUB{N}",E$10)) -> 1 | F14: =COUNTIFS(SSC_Ontology_Ver0.5!$A$128:$A$773,SUBSTITUTE($A14,"AHUB{N}",F$10),SSC_Ontology_Ver0.5!$C$128:$C$773,$B14,SSC_Ontology_Ver0.5!$D$128:$D$773,SUBSTITUTE($C14,"AHUB{N}",F$10)) -> 1 | G14: =COUNTIFS(SSC_Ontology_Ver0.5!$A$128:$A$773,SUBSTITUTE($A14,"AHUB{N}",G$10),SSC_Ontology_Ver0.5!$C$128:$C$773,$B14,SSC_Ontology_Ver0.5!$D$128:$D$773,SUBSTITUTE($C14,"AHUB{N}",G$10)) -> 0 | H14: =COUNTIFS(SSC_Ontology_Ver0.5!$A$128:$A$773,SUBSTITUTE($A14,"AHUB{N}",H$10),SSC_Ontology_Ver0.5!$C$128:$C$773,$B14,SSC_Ontology_Ver0.5!$D$128:$D$773,SUBSTITUTE($C14,"AHUB{N}",H$10)) -> 1 | I14: MISSING: no external reference for RF_AutoMan_Status on AHUB0004 (entity absent) | J14: based on above
A15: entity:SSC_AHUB{N}_SA_P-Static | B15: ref:hasExternalReference | C15: <blanknode> | D15: =COUNTIFS(SSC_Ontology_Ver0.5!$A$128:$A$773,SUBSTITUTE($A15,"AHUB{N}",D$10),SSC_Ontology_Ver0.5!$C$128:$C$773,$B15,SSC_Ontology_Ver0.5!$D$128:$D$773,SUBSTITUTE($C15,"AHUB{N}",D$10)) -> 1 | E15: =COUNTIFS(SSC_Ontology_Ver0.5!$A$128:$A$773,SUBSTITUTE($A15,"AHUB{N}",E$10),SSC_Ontology_Ver0.5!$C$128:$C$773,$B15,SSC_Ontology_Ver0.5!$D$128:$D$773,SUBSTITUTE($C15,"AHUB{N}",E$10)) -> 2 | F15: =COUNTIFS(SSC_Ontology_Ver0.5!$A$128:$A$773,SUBSTITUTE($A15,"AHUB{N}",F$10),SSC_Ontology_Ver0.5!$C$128:$C$773,$B15,SSC_Ontology_Ver0.5!$D$128:$D$773,SUBSTITUTE($C15,"AHUB{N}",F$10)) -> 2 | G15: =COUNTIFS(SSC_Ontology_Ver0.5!$A$128:$A$773,SUBSTITUTE($A15,"AHUB{N}",G$10),SSC_Ontology_Ver0.5!$C$128:$C$773,$B15,SSC_Ontology_Ver0.5!$D$128:$D$773,SUBSTITUTE($C15,"AHUB{N}",G$10)) -> 2 | H15: =COUNTIFS(SSC_Ontology_Ver0.5!$A$128:$A$773,SUBSTITUTE($A15,"AHUB{N}",H$10),SSC_Ontology_Ver0.5!$C$128:$C$773,$B15,SSC_Ontology_Ver0.5!$D$128:$D$773,SUBSTITUTE($C15,"AHUB{N}",H$10)) -> 1 | I15: DUPLICATE: row repeated twice on AHUB0002, AHUB0003 and AHUB0004 | J15: 2 sets of data for each
A16: entity:SSC_AHUB{N} | B16: brick:hasPoint | C16: entity:SSC_AHUB{N}_RA_P-Static_01 | D16: =COUNTIFS(SSC_Ontology_Ver0.5!$A$128:$A$773,SUBSTITUTE($A16,"AHUB{N}",D$10),SSC_Ontology_Ver0.5!$C$128:$C$773,$B16,SSC_Ontology_Ver0.5!$D$128:$D$773,SUBSTITUTE($C16,"AHUB{N}",D$10)) -> 0 | E16: =COUNTIFS(SSC_Ontology_Ver0.5!$A$128:$A$773,SUBSTITUTE($A16,"AHUB{N}",E$10),SSC_Ontology_Ver0.5!$C$128:$C$773,$B16,SSC_Ontology_Ver0.5!$D$128:$D$773,SUBSTITUTE($C16,"AHUB{N}",E$10)) -> 0 | F16: =COUNTIFS(SSC_Ontology_Ver0.5!$A$128:$A$773,SUBSTITUTE($A16,"AHUB{N}",F$10),SSC_Ontology_Ver0.5!$C$128:$C$773,$B16,SSC_Ontology_Ver0.5!$D$128:$D$773,SUBSTITUTE($C16,"AHUB{N}",F$10)) -> 0 | G16: =COUNTIFS(SSC_Ontology_Ver0.5!$A$128:$A$773,SUBSTITUTE($A16,"AHUB{N}",G$10),SSC_Ontology_Ver0.5!$C$128:$C$773,$B16,SSC_Ontology_Ver0.5!$D$128:$D$773,SUBSTITUTE($C16,"AHUB{N}",G$10)) -> 1 | H16: =COUNTIFS(SSC_Ontology_Ver0.5!$A$128:$A$773,SUBSTITUTE($A16,"AHUB{N}",H$10),SSC_Ontology_Ver0.5!$C$128:$C$773,$B16,SSC_Ontology_Ver0.5!$D$128:$D$773,SUBSTITUTE($C16,"AHUB{N}",H$10)) -> 0 | I16: EXTRA: only AHUB0004 has additional RA static points _01/_02 (all units already have RA_P-Static) | J16: 2 extra sets of data
A17: entity:SSC_AHUB{N} | B17: brick:hasPoint | C17: entity:SSC_AHUB{N}_RA_P-Static_02 | D17: =COUNTIFS(SSC_Ontology_Ver0.5!$A$128:$A$773,SUBSTITUTE($A17,"AHUB{N}",D$10),SSC_Ontology_Ver0.5!$C$128:$C$773,$B17,SSC_Ontology_Ver0.5!$D$128:$D$773,SUBSTITUTE($C17,"AHUB{N}",D$10)) -> 0 | E17: =COUNTIFS(SSC_Ontology_Ver0.5!$A$128:$A$773,SUBSTITUTE($A17,"AHUB{N}",E$10),SSC_Ontology_Ver0.5!$C$128:$C$773,$B17,SSC_Ontology_Ver0.5!$D$128:$D$773,SUBSTITUTE($C17,"AHUB{N}",E$10)) -> 0 | F17: =COUNTIFS(SSC_Ontology_Ver0.5!$A$128:$A$773,SUBSTITUTE($A17,"AHUB{N}",F$10),SSC_Ontology_Ver0.5!$C$128:$C$773,$B17,SSC_Ontology_Ver0.5!$D$128:$D$773,SUBSTITUTE($C17,"AHUB{N}",F$10)) -> 0 | G17: =COUNTIFS(SSC_Ontology_Ver0.5!$A$128:$A$773,SUBSTITUTE($A17,"AHUB{N}",G$10),SSC_Ontology_Ver0.5!$C$128:$C$773,$B17,SSC_Ontology_Ver0.5!$D$128:$D$773,SUBSTITUTE($C17,"AHUB{N}",G$10)) -> 1 | H17: =COUNTIFS(SSC_Ontology_Ver0.5!$A$128:$A$773,SUBSTITUTE($A17,"AHUB{N}",H$10),SSC_Ontology_Ver0.5!$C$128:$C$773,$B17,SSC_Ontology_Ver0.5!$D$128:$D$773,SUBSTITUTE($C17,"AHUB{N}",H$10)) -> 0 | I17: EXTRA: only AHUB0004 | J17: 2 extra sets of data
A18: entity:SSC_AHUB{N}_RA_P-Static_01 | B18: ref:hasExternalReference | C18: <blanknode> | D18: =COUNTIFS(SSC_Ontology_Ver0.5!$A$128:$A$773,SUBSTITUTE($A18,"AHUB{N}",D$10),SSC_Ontology_Ver0.5!$C$128:$C$773,$B18,SSC_Ontology_Ver0.5!$D$128:$D$773,SUBSTITUTE($C18,"AHUB{N}",D$10)) -> 0 | E18: =COUNTIFS(SSC_Ontology_Ver0.5!$A$128:$A$773,SUBSTITUTE($A18,"AHUB{N}",E$10),SSC_Ontology_Ver0.5!$C$128:$C$773,$B18,SSC_Ontology_Ver0.5!$D$128:$D$773,SUBSTITUTE($C18,"AHUB{N}",E$10)) -> 0 | F18: =COUNTIFS(SSC_Ontology_Ver0.5!$A$128:$A$773,SUBSTITUTE($A18,"AHUB{N}",F$10),SSC_Ontology_Ver0.5!$C$128:$C$773,$B18,SSC_Ontology_Ver0.5!$D$128:$D$773,SUBSTITUTE($C18,"AHUB{N}",F$10)) -> 0 | G18: =COUNTIFS(SSC_Ontology_Ver0.5!$A$128:$A$773,SUBSTITUTE($A18,"AHUB{N}",G$10),SSC_Ontology_Ver0.5!$C$128:$C$773,$B18,SSC_Ontology_Ver0.5!$D$128:$D$773,SUBSTITUTE($C18,"AHUB{N}",G$10)) -> 1 | H18: =COUNTIFS(SSC_Ontology_Ver0.5!$A$128:$A$773,SUBSTITUTE($A18,"AHUB{N}",H$10),SSC_Ontology_Ver0.5!$C$128:$C$773,$B18,SSC_Ontology_Ver0.5!$D$128:$D$773,SUBSTITUTE($C18,"AHUB{N}",H$10)) -> 0 | I18: EXTRA: only AHUB0004 | J18: based on above
A19: entity:SSC_AHUB{N}_RA_P-Static_02 | B19: ref:hasExternalReference | C19: <blanknode> | D19: =COUNTIFS(SSC_Ontology_Ver0.5!$A$128:$A$773,SUBSTITUTE($A19,"AHUB{N}",D$10),SSC_Ontology_Ver0.5!$C$128:$C$773,$B19,SSC_Ontology_Ver0.5!$D$128:$D$773,SUBSTITUTE($C19,"AHUB{N}",D$10)) -> 0 | E19: =COUNTIFS(SSC_Ontology_Ver0.5!$A$128:$A$773,SUBSTITUTE($A19,"AHUB{N}",E$10),SSC_Ontology_Ver0.5!$C$128:$C$773,$B19,SSC_Ontology_Ver0.5!$D$128:$D$773,SUBSTITUTE($C19,"AHUB{N}",E$10)) -> 0 | F19: =COUNTIFS(SSC_Ontology_Ver0.5!$A$128:$A$773,SUBSTITUTE($A19,"AHUB{N}",F$10),SSC_Ontology_Ver0.5!$C$128:$C$773,$B19,SSC_Ontology_Ver0.5!$D$128:$D$773,SUBSTITUTE($C19,"AHUB{N}",F$10)) -> 0 | G19: =COUNTIFS(SSC_Ontology_Ver0.5!$A$128:$A$773,SUBSTITUTE($A19,"AHUB{N}",G$10),SSC_Ontology_Ver0.5!$C$128:$C$773,$B19,SSC_Ontology_Ver0.5!$D$128:$D$773,SUBSTITUTE($C19,"AHUB{N}",G$10)) -> 1 | H19: =COUNTIFS(SSC_Ontology_Ver0.5!$A$128:$A$773,SUBSTITUTE($A19,"AHUB{N}",H$10),SSC_Ontology_Ver0.5!$C$128:$C$773,$B19,SSC_Ontology_Ver0.5!$D$128:$D$773,SUBSTITUTE($C19,"AHUB{N}",H$10)) -> 0 | I19: EXTRA: only AHUB0004 | J19: based on above
A21: 3. Full relation matrix — every unique AHU relation pattern and its count per unit
A22: Subject pattern | B22: Predicate | C22: Object pattern | D22: AHUB0001 | E22: AHUB0002 | F22: AHUB0003 | G22: AHUB0004 | H22: AHUB0005 | I22: Status
A23: entity:SSC_AHUB{N} | B23: brick:hasPart | C23: entity:SSC_AHUB{N}_CHW-Coil | D23: =COUNTIFS(SSC_Ontology_Ver0.5!$A$128:$A$773,SUBSTITUTE($A23,"AHUB{N}",D$22),SSC_Ontology_Ver0.5!$C$128:$C$773,$B23,SSC_Ontology_Ver0.5!$D$128:$D$773,SUBSTITUTE($C23,"AHUB{N}",D$22)) -> 1 | E23: =COUNTIFS(SSC_Ontology_Ver0.5!$A$128:$A$773,SUBSTITUTE($A23,"AHUB{N}",E$22),SSC_Ontology_Ver0.5!$C$128:$C$773,$B23,SSC_Ontology_Ver0.5!$D$128:$D$773,SUBSTITUTE($C23,"AHUB{N}",E$22)) -> 1 | F23: =COUNTIFS(SSC_Ontology_Ver0.5!$A$128:$A$773,SUBSTITUTE($A23,"AHUB{N}",F$22),SSC_Ontology_Ver0.5!$C$128:$C$773,$B23,SSC_Ontology_Ver0.5!$D$128:$D$773,SUBSTITUTE($C23,"AHUB{N}",F$22)) -> 1 | G23: =COUNTIFS(SSC_Ontology_Ver0.5!$A$128:$A$773,SUBSTITUTE($A23,"AHUB{N}",G$22),SSC_Ontology_Ver0.5!$C$128:$C$773,$B23,SSC_Ontology_Ver0.5!$D$128:$D$773,SUBSTITUTE($C23,"AHUB{N}",G$22)) -> 1 | H23: =COUNTIFS(SSC_Ontology_Ver0.5!$A$128:$A$773,SUBSTITUTE($A23,"AHUB{N}",H$22),SSC_Ontology_Ver0.5!$C$128:$C$773,$B23,SSC_Ontology_Ver0.5!$D$128:$D$773,SUBSTITUTE($C23,"AHUB{N}",H$22)) -> 1 | I23: =IF($B23="rec:locatedIn","Excluded - location varies by unit",IF(AND(MIN(D23:H23)=MAX(D23:H23),MAX(D23:H23)=1),"OK",IF(MIN(D23:H23)=0,"Not on all units","Duplicated"))) -> OK
A24: entity:SSC_AHUB{N} | B24: brick:hasPart | C24: entity:SSC_AHUB{N}_Filter | D24: =COUNTIFS(SSC_Ontology_Ver0.5!$A$128:$A$773,SUBSTITUTE($A24,"AHUB{N}",D$22),SSC_Ontology_Ver0.5!$C$128:$C$773,$B24,SSC_Ontology_Ver0.5!$D$128:$D$773,SUBSTITUTE($C24,"AHUB{N}",D$22)) -> 1 | E24: =COUNTIFS(SSC_Ontology_Ver0.5!$A$128:$A$773,SUBSTITUTE($A24,"AHUB{N}",E$22),SSC_Ontology_Ver0.5!$C$128:$C$773,$B24,SSC_Ontology_Ver0.5!$D$128:$D$773,SUBSTITUTE($C24,"AHUB{N}",E$22)) -> 1 | F24: =COUNTIFS(SSC_Ontology_Ver0.5!$A$128:$A$773,SUBSTITUTE($A24,"AHUB{N}",F$22),SSC_Ontology_Ver0.5!$C$128:$C$773,$B24,SSC_Ontology_Ver0.5!$D$128:$D$773,SUBSTITUTE($C24,"AHUB{N}",F$22)) -> 1 | G24: =COUNTIFS(SSC_Ontology_Ver0.5!$A$128:$A$773,SUBSTITUTE($A24,"AHUB{N}",G$22),SSC_Ontology_Ver0.5!$C$128:$C$773,$B24,SSC_Ontology_Ver0.5!$D$128:$D$773,SUBSTITUTE($C24,"AHUB{N}",G$22)) -> 1 | H24: =COUNTIFS(SSC_Ontology_Ver0.5!$A$128:$A$773,SUBSTITUTE($A24,"AHUB{N}",H$22),SSC_Ontology_Ver0.5!$C$128:$C$773,$B24,SSC_Ontology_Ver0.5!$D$128:$D$773,SUBSTITUTE($C24,"AHUB{N}",H$22)) -> 1 | I24: =IF($B24="rec:locatedIn","Excluded - location varies by unit",IF(AND(MIN(D24:H24)=MAX(D24:H24),MAX(D24:H24)=1),"OK",IF(MIN(D24:H24)=0,"Not on all units","Duplicated"))) -> OK
A25: entity:SSC_AHUB{N} | B25: brick:hasPart | C25: entity:SSC_AHUB{N}_OAD | D25: =COUNTIFS(SSC_Ontology_Ver0.5!$A$128:$A$773,SUBSTITUTE($A25,"AHUB{N}",D$22),SSC_Ontology_Ver0.5!$C$128:$C$773,$B25,SSC_Ontology_Ver0.5!$D$128:$D$773,SUBSTITUTE($C25,"AHUB{N}",D$22)) -> 1 | E25: =COUNTIFS(SSC_Ontology_Ver0.5!$A$128:$A$773,SUBSTITUTE($A25,"AHUB{N}",E$22),SSC_Ontology_Ver0.5!$C$128:$C$773,$B25,SSC_Ontology_Ver0.5!$D$128:$D$773,SUBSTITUTE($C25,"AHUB{N}",E$22)) -> 1 | F25: =COUNTIFS(SSC_Ontology_Ver0.5!$A$128:$A$773,SUBSTITUTE($A25,"AHUB{N}",F$22),SSC_Ontology_Ver0.5!$C$128:$C$773,$B25,SSC_Ontology_Ver0.5!$D$128:$D$773,SUBSTITUTE($C25,"AHUB{N}",F$22)) -> 1 | G25: =COUNTIFS(SSC_Ontology_Ver0.5!$A$128:$A$773,SUBSTITUTE($A25,"AHUB{N}",G$22),SSC_Ontology_Ver0.5!$C$128:$C$773,$B25,SSC_Ontology_Ver0.5!$D$128:$D$773,SUBSTITUTE($C25,"AHUB{N}",G$22)) -> 1 | H25: =COUNTIFS(SSC_Ontology_Ver0.5!$A$128:$A$773,SUBSTITUTE($A25,"AHUB{N}",H$22),SSC_Ontology_Ver0.5!$C$128:$C$773,$B25,SSC_Ontology_Ver0.5!$D$128:$D$773,SUBSTITUTE($C25,"AHUB{N}",H$22)) -> 1 | I25: =IF($B25="rec:locatedIn","Excluded - location varies by unit",IF(AND(MIN(D25:H25)=MAX(D25:H25),MAX(D25:H25)=1),"OK",IF(MIN(D25:H25)=0,"Not on all units","Duplicated"))) -> OK
A26: entity:SSC_AHUB{N} | B26: brick:hasPart | C26: entity:SSC_AHUB{N}_RAD | D26: =COUNTIFS(SSC_Ontology_Ver0.5!$A$128:$A$773,SUBSTITUTE($A26,"AHUB{N}",D$22),SSC_Ontology_Ver0.5!$C$128:$C$773,$B26,SSC_Ontology_Ver0.5!$D$128:$D$773,SUBSTITUTE($C26,"AHUB{N}",D$22)) -> 1 | E26: =COUNTIFS(SSC_Ontology_Ver0.5!$A$128:$A$773,SUBSTITUTE($A26,"AHUB{N}",E$22),SSC_Ontology_Ver0.5!$C$128:$C$773,$B26,SSC_Ontology_Ver0.5!$D$128:$D$773,SUBSTITUTE($C26,"AHUB{N}",E$22)) -> 1 | F26: =COUNTIFS(SSC_Ontology_Ver0.5!$A$128:$A$773,SUBSTITUTE($A26,"AHUB{N}",F$22),SSC_Ontology_Ver0.5!$C$128:$C$773,$B26,SSC_Ontology_Ver0.5!$D$128:$D$773,SUBSTITUTE($C26,"AHUB{N}",F$22)) -> 1 | G26: =COUNTIFS(SSC_Ontology_Ver0.5!$A$128:$A$773,SUBSTITUTE($A26,"AHUB{N}",G$22),SSC_Ontology_Ver0.5!$C$128:$C$773,$B26,SSC_Ontology_Ver0.5!$D$128:$D$773,SUBSTITUTE($C26,"AHUB{N}",G$22)) -> 1 | H26: =COUNTIFS(SSC_Ontology_Ver0.5!$A$128:$A$773,SUBSTITUTE($A26,"AHUB{N}",H$22),SSC_Ontology_Ver0.5!$C$128:$C$773,$B26,SSC_Ontology_Ver0.5!$D$128:$D$773,SUBSTITUTE($C26,"AHUB{N}",H$22)) -> 1 | I26: =IF($B26="rec:locatedIn","Excluded - location varies by unit",IF(AND(MIN(D26:H26)=MAX(D26:H26),MAX(D26:H26)=1),"OK",IF(MIN(D26:H26)=0,"Not on all units","Duplicated"))) -> OK
A27: entity:SSC_AHUB{N} | B27: brick:hasPart | C27: entity:SSC_AHUB{N}_MAD | D27: =COUNTIFS(SSC_Ontology_Ver0.5!$A$128:$A$773,SUBSTITUTE($A27,"AHUB{N}",D$22),SSC_Ontology_Ver0.5!$C$128:$C$773,$B27,SSC_Ontology_Ver0.5!$D$128:$D$773,SUBSTITUTE($C27,"AHUB{N}",D$22)) -> 1 | E27: =COUNTIFS(SSC_Ontology_Ver0.5!$A$128:$A$773,SUBSTITUTE($A27,"AHUB{N}",E$22),SSC_Ontology_Ver0.5!$C$128:$C$773,$B27,SSC_Ontology_Ver0.5!$D$128:$D$773,SUBSTITUTE($C27,"AHUB{N}",E$22)) -> 1 | F27: =COUNTIFS(SSC_Ontology_Ver0.5!$A$128:$A$773,SUBSTITUTE($A27,"AHUB{N}",F$22),SSC_Ontology_Ver0.5!$C$128:$C$773,$B27,SSC_Ontology_Ver0.5!$D$128:$D$773,SUBSTITUTE($C27,"AHUB{N}",F$22)) -> 1 | G27: =COUNTIFS(SSC_Ontology_Ver0.5!$A$128:$A$773,SUBSTITUTE($A27,"AHUB{N}",G$22),SSC_Ontology_Ver0.5!$C$128:$C$773,$B27,SSC_Ontology_Ver0.5!$D$128:$D$773,SUBSTITUTE($C27,"AHUB{N}",G$22)) -> 1 | H27: =COUNTIFS(SSC_Ontology_Ver0.5!$A$128:$A$773,SUBSTITUTE($A27,"AHUB{N}",H$22),SSC_Ontology_Ver0.5!$C$128:$C$773,$B27,SSC_Ontology_Ver0.5!$D$128:$D$773,SUBSTITUTE($C27,"AHUB{N}",H$22)) -> 1 | I27: =IF($B27="rec:locatedIn","Excluded - location varies by unit",IF(AND(MIN(D27:H27)=MAX(D27:H27),MAX(D27:H27)=1),"OK",IF(MIN(D27:H27)=0,"Not on all units","Duplicated"))) -> OK
A28: entity:SSC_AHUB{N} | B28: brick:hasPart | C28: entity:SSC_AHUB{N}_EAD | D28: =COUNTIFS(SSC_Ontology_Ver0.5!$A$128:$A$773,SUBSTITUTE($A28,"AHUB{N}",D$22),SSC_Ontology_Ver0.5!$C$128:$C$773,$B28,SSC_Ontology_Ver0.5!$D$128:$D$773,SUBSTITUTE($C28,"AHUB{N}",D$22)) -> 1 | E28: =COUNTIFS(SSC_Ontology_Ver0.5!$A$128:$A$773,SUBSTITUTE($A28,"AHUB{N}",E$22),SSC_Ontology_Ver0.5!$C$128:$C$773,$B28,SSC_Ontology_Ver0.5!$D$128:$D$773,SUBSTITUTE($C28,"AHUB{N}",E$22)) -> 1 | F28: =COUNTIFS(SSC_Ontology_Ver0.5!$A$128:$A$773,SUBSTITUTE($A28,"AHUB{N}",F$22),SSC_Ontology_Ver0.5!$C$128:$C$773,$B28,SSC_Ontology_Ver0.5!$D$128:$D$773,SUBSTITUTE($C28,"AHUB{N}",F$22)) -> 1 | G28: =COUNTIFS(SSC_Ontology_Ver0.5!$A$128:$A$773,SUBSTITUTE($A28,"AHUB{N}",G$22),SSC_Ontology_Ver0.5!$C$128:$C$773,$B28,SSC_Ontology_Ver0.5!$D$128:$D$773,SUBSTITUTE($C28,"AHUB{N}",G$22)) -> 1 | H28: =COUNTIFS(SSC_Ontology_Ver0.5!$A$128:$A$773,SUBSTITUTE($A28,"AHUB{N}",H$22),SSC_Ontology_Ver0.5!$C$128:$C$773,$B28,SSC_Ontology_Ver0.5!$D$128:$D$773,SUBSTITUTE($C28,"AHUB{N}",H$22)) -> 1 | I28: =IF($B28="rec:locatedIn","Excluded - location varies by unit",IF(AND(MIN(D28:H28)=MAX(D28:H28),MAX(D28:H28)=1),"OK",IF(MIN(D28:H28)=0,"Not on all units","Duplicated"))) -> OK
A29: entity:SSC_AHUB{N} | B29: brick:hasPart | C29: entity:SSC_AHUB{N}_RF | D29: =COUNTIFS(SSC_Ontology_Ver0.5!$A$128:$A$773,SUBSTITUTE($A29,"AHUB{N}",D$22),SSC_Ontology_Ver0.5!$C$128:$C$773,$B29,SSC_Ontology_Ver0.5!$D$128:$D$773,SUBSTITUTE($C29,"AHUB{N}",D$22)) -> 1 | E29: =COUNTIFS(SSC_Ontology_Ver0.5!$A$128:$A$773,SUBSTITUTE($A29,"AHUB{N}",E$22),SSC_Ontology_Ver0.5!$C$128:$C$773,$B29,SSC_Ontology_Ver0.5!$D$128:$D$773,SUBSTITUTE($C29,"AHUB{N}",E$22)) -> 1 | F29: =COUNTIFS(SSC_Ontology_Ver0.5!$A$128:$A$773,SUBSTITUTE($A29,"AHUB{N}",F$22),SSC_Ontology_Ver0.5!$C$128:$C$773,$B29,SSC_Ontology_Ver0.5!$D$128:$D$773,SUBSTITUTE($C29,"AHUB{N}",F$22)) -> 1 | G29: =COUNTIFS(SSC_Ontology_Ver0.5!$A$128:$A$773,SUBSTITUTE($A29,"AHUB{N}",G$22),SSC_Ontology_Ver0.5!$C$128:$C$773,$B29,SSC_Ontology_Ver0.5!$D$128:$D$773,SUBSTITUTE($C29,"AHUB{N}",G$22)) -> 1 | H29: =COUNTIFS(SSC_Ontology_Ver0.5!$A$128:$A$773,SUBSTITUTE($A29,"AHUB{N}",H$22),SSC_Ontology_Ver0.5!$C$128:$C$773,$B29,SSC_Ontology_Ver0.5!$D$128:$D$773,SUBSTITUTE($C29,"AHUB{N}",H$22)) -> 1 | I29: =IF($B29="rec:locatedIn","Excluded - location varies by unit",IF(AND(MIN(D29:H29)=MAX(D29:H29),MAX(D29:H29)=1),"OK",IF(MIN(D29:H29)=0,"Not on all units","Duplicated"))) -> OK
A30: entity:SSC_AHUB{N} | B30: brick:hasPart | C30: entity:SSC_AHUB{N}_SF | D30: =COUNTIFS(SSC_Ontology_Ver0.5!$A$128:$A$773,SUBSTITUTE($A30,"AHUB{N}",D$22),SSC_Ontology_Ver0.5!$C$128:$C$773,$B30,SSC_Ontology_Ver0.5!$D$128:$D$773,SUBSTITUTE($C30,"AHUB{N}",D$22)) -> 1 | E30: =COUNTIFS(SSC_Ontology_Ver0.5!$A$128:$A$773,SUBSTITUTE($A30,"AHUB{N}",E$22),SSC_Ontology_Ver0.5!$C$128:$C$773,$B30,SSC_Ontology_Ver0.5!$D$128:$D$773,SUBSTITUTE($C30,"AHUB{N}",E$22)) -> 1 | F30: =COUNTIFS(SSC_Ontology_Ver0.5!$A$128:$A$773,SUBSTITUTE($A30,"AHUB{N}",F$22),SSC_Ontology_Ver0.5!$C$128:$C$773,$B30,SSC_Ontology_Ver0.5!$D$128:$D$773,SUBSTITUTE($C30,"AHUB{N}",F$22)) -> 1 | G30: =COUNTIFS(SSC_Ontology_Ver0.5!$A$128:$A$773,SUBSTITUTE($A30,"AHUB{N}",G$22),SSC_Ontology_Ver0.5!$C$128:$C$773,$B30,SSC_Ontology_Ver0.5!$D$128:$D$773,SUBSTITUTE($C30,"AHUB{N}",G$22)) -> 1 | H30: =COUNTIFS(SSC_Ontology_Ver0.5!$A$128:$A$773,SUBSTITUTE($A30,"AHUB{N}",H$22),SSC_Ontology_Ver0.5!$C$128:$C$773,$B30,SSC_Ontology_Ver0.5!$D$128:$D$773,SUBSTITUTE($C30,"AHUB{N}",H$22)) -> 1 | I30: =IF($B30="rec:locatedIn","Excluded - location varies by unit",IF(AND(MIN(D30:H30)=MAX(D30:H30),MAX(D30:H30)=1),"OK",IF(MIN(D30:H30)=0,"Not on all units","Duplicated"))) -> OK
A31: entity:SSC_AHUB{N} | B31: brick:hasPart | C31: entity:SSC_AHUB{N}_Heater | D31: =COUNTIFS(SSC_Ontology_Ver0.5!$A$128:$A$773,SUBSTITUTE($A31,"AHUB{N}",D$22),SSC_Ontology_Ver0.5!$C$128:$C$773,$B31,SSC_Ontology_Ver0.5!$D$128:$D$773,SUBSTITUTE($C31,"AHUB{N}",D$22)) -> 1 | E31: =COUNTIFS(SSC_Ontology_Ver0.5!$A$128:$A$773,SUBSTITUTE($A31,"AHUB{N}",E$22),SSC_Ontology_Ver0.5!$C$128:$C$773,$B31,SSC_Ontology_Ver0.5!$D$128:$D$773,SUBSTITUTE($C31,"AHUB{N}",E$22)) -> 1 | F31: =COUNTIFS(SSC_Ontology_Ver0.5!$A$128:$A$773,SUBSTITUTE($A31,"AHUB{N}",F$22),SSC_Ontology_Ver0.5!$C$128:$C$773,$B31,SSC_Ontology_Ver0.5!$D$128:$D$773,SUBSTITUTE($C31,"AHUB{N}",F$22)) -> 1 | G31: =COUNTIFS(SSC_Ontology_Ver0.5!$A$128:$A$773,SUBSTITUTE($A31,"AHUB{N}",G$22),SSC_Ontology_Ver0.5!$C$128:$C$773,$B31,SSC_Ontology_Ver0.5!$D$128:$D$773,SUBSTITUTE($C31,"AHUB{N}",G$22)) -> 1 | H31: =COUNTIFS(SSC_Ontology_Ver0.5!$A$128:$A$773,SUBSTITUTE($A31,"AHUB{N}",H$22),SSC_Ontology_Ver0.5!$C$128:$C$773,$B31,SSC_Ontology_Ver0.5!$D$128:$D$773,SUBSTITUTE($C31,"AHUB{N}",H$22)) -> 1 | I31: =IF($B31="rec:locatedIn","Excluded - location varies by unit",IF(AND(MIN(D31:H31)=MAX(D31:H31),MAX(D31:H31)=1),"OK",IF(MIN(D31:H31)=0,"Not on all units","Duplicated"))) -> OK
A32: entity:SSC_AHUB{N} | B32: brick:hasPoint | C32: entity:SSC_AHUB{N}_OA_RH | D32: =COUNTIFS(SSC_Ontology_Ver0.5!$A$128:$A$773,SUBSTITUTE($A32,"AHUB{N}",D$22),SSC_Ontology_Ver0.5!$C$128:$C$773,$B32,SSC_Ontology_Ver0.5!$D$128:$D$773,SUBSTITUTE($C32,"AHUB{N}",D$22)) -> 1 | E32: =COUNTIFS(SSC_Ontology_Ver0.5!$A$128:$A$773,SUBSTITUTE($A32,"AHUB{N}",E$22),SSC_Ontology_Ver0.5!$C$128:$C$773,$B32,SSC_Ontology_Ver0.5!$D$128:$D$773,SUBSTITUTE($C32,"AHUB{N}",E$22)) -> 1 | F32: =COUNTIFS(SSC_Ontology_Ver0.5!$A$128:$A$773,SUBSTITUTE($A32,"AHUB{N}",F$22),SSC_Ontology_Ver0.5!$C$128:$C$773,$B32,SSC_Ontology_Ver0.5!$D$128:$D$773,SUBSTITUTE($C32,"AHUB{N}",F$22)) -> 1 | G32: =COUNTIFS(SSC_Ontology_Ver0.5!$A$128:$A$773,SUBSTITUTE($A32,"AHUB{N}",G$22),SSC_Ontology_Ver0.5!$C$128:$C$773,$B32,SSC_Ontology_Ver0.5!$D$128:$D$773,SUBSTITUTE($C32,"AHUB{N}",G$22)) -> 1 | H32: =COUNTIFS(SSC_Ontology_Ver0.5!$A$128:$A$773,SUBSTITUTE($A32,"AHUB{N}",H$22),SSC_Ontology_Ver0.5!$C$128:$C$773,$B32,SSC_Ontology_Ver0.5!$D$128:$D$773,SUBSTITUTE($C32,"AHUB{N}",H$22)) -> 1 | I32: =IF($B32="rec:locatedIn","Excluded - location varies by unit",IF(AND(MIN(D32:H32)=MAX(D32:H32),MAX(D32:H32)=1),"OK",IF(MIN(D32:H32)=0,"Not on all units","Duplicated"))) -> OK
A33: entity:SSC_AHUB{N} | B33: brick:hasPoint | C33: entity:SSC_AHUB{N}_OA_Temperature | D33: =COUNTIFS(SSC_Ontology_Ver0.5!$A$128:$A$773,SUBSTITUTE($A33,"AHUB{N}",D$22),SSC_Ontology_Ver0.5!$C$128:$C$773,$B33,SSC_Ontology_Ver0.5!$D$128:$D$773,SUBSTITUTE($C33,"AHUB{N}",D$22)) -> 1 | E33: =COUNTIFS(SSC_Ontology_Ver0.5!$A$128:$A$773,SUBSTITUTE($A33,"AHUB{N}",E$22),SSC_Ontology_Ver0.5!$C$128:$C$773,$B33,SSC_Ontology_Ver0.5!$D$128:$D$773,SUBSTITUTE($C33,"AHUB{N}",E$22)) -> 1 | F33: =COUNTIFS(SSC_Ontology_Ver0.5!$A$128:$A$773,SUBSTITUTE($A33,"AHUB{N}",F$22),SSC_Ontology_Ver0.5!$C$128:$C$773,$B33,SSC_Ontology_Ver0.5!$D$128:$D$773,SUBSTITUTE($C33,"AHUB{N}",F$22)) -> 1 | G33: =COUNTIFS(SSC_Ontology_Ver0.5!$A$128:$A$773,SUBSTITUTE($A33,"AHUB{N}",G$22),SSC_Ontology_Ver0.5!$C$128:$C$773,$B33,SSC_Ontology_Ver0.5!$D$128:$D$773,SUBSTITUTE($C33,"AHUB{N}",G$22)) -> 1 | H33: =COUNTIFS(SSC_Ontology_Ver0.5!$A$128:$A$773,SUBSTITUTE($A33,"AHUB{N}",H$22),SSC_Ontology_Ver0.5!$C$128:$C$773,$B33,SSC_Ontology_Ver0.5!$D$128:$D$773,SUBSTITUTE($C33,"AHUB{N}",H$22)) -> 1 | I33: =IF($B33="rec:locatedIn","Excluded - location varies by unit",IF(AND(MIN(D33:H33)=MAX(D33:H33),MAX(D33:H33)=1),"OK",IF(MIN(D33:H33)=0,"Not on all units","Duplicated"))) -> OK
A34: entity:SSC_AHUB{N} | B34: brick:hasPoint | C34: entity:SSC_AHUB{N}_RA_RH | D34: =COUNTIFS(SSC_Ontology_Ver0.5!$A$128:$A$773,SUBSTITUTE($A34,"AHUB{N}",D$22),SSC_Ontology_Ver0.5!$C$128:$C$773,$B34,SSC_Ontology_Ver0.5!$D$128:$D$773,SUBSTITUTE($C34,"AHUB{N}",D$22)) -> 1 | E34: =COUNTIFS(SSC_Ontology_Ver0.5!$A$128:$A$773,SUBSTITUTE($A34,"AHUB{N}",E$22),SSC_Ontology_Ver0.5!$C$128:$C$773,$B34,SSC_Ontology_Ver0.5!$D$128:$D$773,SUBSTITUTE($C34,"AHUB{N}",E$22)) -> 1 | F34: =COUNTIFS(SSC_Ontology_Ver0.5!$A$128:$A$773,SUBSTITUTE($A34,"AHUB{N}",F$22),SSC_Ontology_Ver0.5!$C$128:$C$773,$B34,SSC_Ontology_Ver0.5!$D$128:$D$773,SUBSTITUTE($C34,"AHUB{N}",F$22)) -> 1 | G34: =COUNTIFS(SSC_Ontology_Ver0.5!$A$128:$A$773,SUBSTITUTE($A34,"AHUB{N}",G$22),SSC_Ontology_Ver0.5!$C$128:$C$773,$B34,SSC_Ontology_Ver0.5!$D$128:$D$773,SUBSTITUTE($C34,"AHUB{N}",G$22)) -> 1 | H34: =COUNTIFS(SSC_Ontology_Ver0.5!$A$128:$A$773,SUBSTITUTE($A34,"AHUB{N}",H$22),SSC_Ontology_Ver0.5!$C$128:$C$773,$B34,SSC_Ontology_Ver0.5!$D$128:$D$773,SUBSTITUTE($C34,"AHUB{N}",H$22)) -> 1 | I34: =IF($B34="rec:locatedIn","Excluded - location varies by unit",IF(AND(MIN(D34:H34)=MAX(D34:H34),MAX(D34:H34)=1),"OK",IF(MIN(D34:H34)=0,"Not on all units","Duplicated"))) -> OK
... A157: entity:SSC_AHUB{N}_RA_P-Static_02 | B157: ref:hasExternalReference | C157: <blanknode> | D157: =COUNTIFS(SSC_Ontology_Ver0.5!$A$128:$A$773,SUBSTITUTE($A157,"AHUB{N}",D$22),SSC_Ontology_Ver0.5!$C$128:$C$773,$B157,SSC_Ontology_Ver0.5!$D$128:$D$773,SUBSTITUTE($C157,"AHUB{N}",D$22)) -> 0 | E157: =COUNTIFS(SSC_Ontology_Ver0.5!$A$128:$A$773,SUBSTITUTE($A157,"AHUB{N}",E$22),SSC_Ontology_Ver0.5!$C$128:$C$773,$B157,SSC_Ontology_Ver0.5!$D$128:$D$773,SUBSTITUTE($C157,"AHUB{N}",E$22)) -> 0 | F157: =COUNTIFS(SSC_Ontology_Ver0.5!$A$128:$A$773,SUBSTITUTE($A157,"AHUB{N}",F$22),SSC_Ontology_Ver0.5!$C$128:$C$773,$B157,SSC_Ontology_Ver0.5!$D$128:$D$773,SUBSTITUTE($C157,"AHUB{N}",F$22)) -> 0 | G157: =COUNTIFS(SSC_Ontology_Ver0.5!$A$128:$A$773,SUBSTITUTE($A157,"AHUB{N}",G$22),SSC_Ontology_Ver0.5!$C$128:$C$773,$B157,SSC_Ontology_Ver0.5!$D$128:$D$773,SUBSTITUTE($C157,"AHUB{N}",G$22)) -> 1 | H157: =COUNTIFS(SSC_Ontology_Ver0.5!$A$128:$A$773,SUBSTITUTE($A157,"AHUB{N}",H$22),SSC_Ontology_Ver0.5!$C$128:$C$773,$B157,SSC_Ontology_Ver0.5!$D$128:$D$773,SUBSTITUTE($C157,"AHUB{N}",H$22)) -> 0 | I157: =IF($B157="rec:locatedIn","Excluded - location varies by unit",IF(AND(MIN(D157:H157)=MAX(D157:H157),MAX(D157:H157)=1),"OK",IF(MIN(D157:H157)=0,"Not on all units","Duplicated"))) -> Not on all units

Sheet CHWP_Comparison
A1: Chilled Water Pump Ontology Consistency Check — SSC_CHW_CHWP01 to CHWP04
A2: Source: SSC_Ontology_Ver0.5!A1347:E1422 (76 triples). Relations normalised by replacing the pump id with {P}, then counted per pump. Type columns (B, E) also compared.
A4: 1. Triple count per pump
A5: Metric | B5: CHWP01 | C5: CHWP02 | D5: CHWP03 | E5: CHWP04 | F5: All equal?
A6: Rows in source | B6: =COUNTIF(SSC_Ontology_Ver0.5!$A$1347:$A$1422,"*"&"CHWP01"&"*") -> 19 | C6: =COUNTIF(SSC_Ontology_Ver0.5!$A$1347:$A$1422,"*"&"CHWP02"&"*") -> 19 | D6: =COUNTIF(SSC_Ontology_Ver0.5!$A$1347:$A$1422,"*"&"CHWP03"&"*") -> 19 | E6: =COUNTIF(SSC_Ontology_Ver0.5!$A$1347:$A$1422,"*"&"CHWP04"&"*") -> 19 | F6: =IF(MIN(B6:E6)=MAX(B6:E6),"YES","NO") -> YES
A7: Difference vs CHWP01 | B7: =0 -> 0 | C7: =C6-$B$6 -> 0 | D7: =D6-$B$6 -> 0 | E7: =E6-$B$6 -> 0
A9: 2. Findings
A10: Triple count: IDENTICAL — all 4 pumps have exactly 19 rows.
A11: Relation patterns: 19 unique patterns, each present exactly once on every pump. No missing points, no duplicated rows, no extra points.
A12: Location: unlike the AHUs and CCUs, all 4 pumps share the same room (SSC_B1_014_VENT_PLANT), so even rec:locatedIn is identical.
A13: Type columns (subject type, object type): consistent — every pattern uses the same brick/para class on all 4 pumps.
A14: Observation (not a discrepancy): the pumps carry Speed_Command and Speed_Fbk but no run/stop status or auto-manual point. This is uniform across all 4, so it is a modelling choice rather than an inconsistency — worth confirming it is intended.
A16: 3. Full relation matrix — every unique pump relation pattern and its count per pump
A17: Subject pattern | B17: Predicate | C17: Object pattern | D17: CHWP01 | E17: CHWP02 | F17: CHWP03 | G17: CHWP04 | H17: Status
A18: entity:SSC_CHW_{P} | B18: brick:hasPart | C18: entity:SSC_CHW_{P}_Motor | D18: =COUNTIFS(SSC_Ontology_Ver0.5!$A$1347:$A$1422,SUBSTITUTE($A18,"{P}",D$17),SSC_Ontology_Ver0.5!$C$1347:$C$1422,$B18,SSC_Ontology_Ver0.5!$D$1347:$D$1422,SUBSTITUTE($C18,"{P}",D$17)) -> 1 | E18: =COUNTIFS(SSC_Ontology_Ver0.5!$A$1347:$A$1422,SUBSTITUTE($A18,"{P}",E$17),SSC_Ontology_Ver0.5!$C$1347:$C$1422,$B18,SSC_Ontology_Ver0.5!$D$1347:$D$1422,SUBSTITUTE($C18,"{P}",E$17)) -> 1 | F18: =COUNTIFS(SSC_Ontology_Ver0.5!$A$1347:$A$1422,SUBSTITUTE($A18,"{P}",F$17),SSC_Ontology_Ver0.5!$C$1347:$C$1422,$B18,SSC_Ontology_Ver0.5!$D$1347:$D$1422,SUBSTITUTE($C18,"{P}",F$17)) -> 1 | G18: =COUNTIFS(SSC_Ontology_Ver0.5!$A$1347:$A$1422,SUBSTITUTE($A18,"{P}",G$17),SSC_Ontology_Ver0.5!$C$1347:$C$1422,$B18,SSC_Ontology_Ver0.5!$D$1347:$D$1422,SUBSTITUTE($C18,"{P}",G$17)) -> 1 | H18: =IF(AND(MIN(D18:G18)=MAX(D18:G18),MAX(D18:G18)=1),"OK",IF(MIN(D18:G18)=0,"Not on all pumps","Duplicated")) -> OK
A19: entity:SSC_CHW_{P} | B19: brick:hasPart | C19: entity:SSC_CHW_{P}_Electrical_Meter | D19: =COUNTIFS(SSC_Ontology_Ver0.5!$A$1347:$A$1422,SUBSTITUTE($A19,"{P}",D$17),SSC_Ontology_Ver0.5!$C$1347:$C$1422,$B19,SSC_Ontology_Ver0.5!$D$1347:$D$1422,SUBSTITUTE($C19,"{P}",D$17)) -> 1 | E19: =COUNTIFS(SSC_Ontology_Ver0.5!$A$1347:$A$1422,SUBSTITUTE($A19,"{P}",E$17),SSC_Ontology_Ver0.5!$C$1347:$C$1422,$B19,SSC_Ontology_Ver0.5!$D$1347:$D$1422,SUBSTITUTE($C19,"{P}",E$17)) -> 1 | F19: =COUNTIFS(SSC_Ontology_Ver0.5!$A$1347:$A$1422,SUBSTITUTE($A19,"{P}",F$17),SSC_Ontology_Ver0.5!$C$1347:$C$1422,$B19,SSC_Ontology_Ver0.5!$D$1347:$D$1422,SUBSTITUTE($C19,"{P}",F$17)) -> 1 | G19: =COUNTIFS(SSC_Ontology_Ver0.5!$A$1347:$A$1422,SUBSTITUTE($A19,"{P}",G$17),SSC_Ontology_Ver0.5!$C$1347:$C$1422,$B19,SSC_Ontology_Ver0.5!$D$1347:$D$1422,SUBSTITUTE($C19,"{P}",G$17)) -> 1 | H19: =IF(AND(MIN(D19:G19)=MAX(D19:G19),MAX(D19:G19)=1),"OK",IF(MIN(D19:G19)=0,"Not on all pumps","Duplicated")) -> OK
A20: entity:SSC_CHW_{P} | B20: brick:hasPart | C20: entity:SSC_CHW_{P}_Thermal_Meter | D20: =COUNTIFS(SSC_Ontology_Ver0.5!$A$1347:$A$1422,SUBSTITUTE($A20,"{P}",D$17),SSC_Ontology_Ver0.5!$C$1347:$C$1422,$B20,SSC_Ontology_Ver0.5!$D$1347:$D$1422,SUBSTITUTE($C20,"{P}",D$17)) -> 1 | E20: =COUNTIFS(SSC_Ontology_Ver0.5!$A$1347:$A$1422,SUBSTITUTE($A20,"{P}",E$17),SSC_Ontology_Ver0.5!$C$1347:$C$1422,$B20,SSC_Ontology_Ver0.5!$D$1347:$D$1422,SUBSTITUTE($C20,"{P}",E$17)) -> 1 | F20: =COUNTIFS(SSC_Ontology_Ver0.5!$A$1347:$A$1422,SUBSTITUTE($A20,"{P}",F$17),SSC_Ontology_Ver0.5!$C$1347:$C$1422,$B20,SSC_Ontology_Ver0.5!$D$1347:$D$1422,SUBSTITUTE($C20,"{P}",F$17)) -> 1 | G20: =COUNTIFS(SSC_Ontology_Ver0.5!$A$1347:$A$1422,SUBSTITUTE($A20,"{P}",G$17),SSC_Ontology_Ver0.5!$C$1347:$C$1422,$B20,SSC_Ontology_Ver0.5!$D$1347:$D$1422,SUBSTITUTE($C20,"{P}",G$17)) -> 1 | H20: =IF(AND(MIN(D20:G20)=MAX(D20:G20),MAX(D20:G20)=1),"OK",IF(MIN(D20:G20)=0,"Not on all pumps","Duplicated")) -> OK
A21: entity:SSC_CHW_{P} | B21: brick:hasPoint | C21: entity:SSC_CHW_{P}_Scheduled_PM_Hours | D21: =COUNTIFS(SSC_Ontology_Ver0.5!$A$1347:$A$1422,SUBSTITUTE($A21,"{P}",D$17),SSC_Ontology_Ver0.5!$C$1347:$C$1422,$B21,SSC_Ontology_Ver0.5!$D$1347:$D$1422,SUBSTITUTE($C21,"{P}",D$17)) -> 1 | E21: =COUNTIFS(SSC_Ontology_Ver0.5!$A$1347:$A$1422,SUBSTITUTE($A21,"{P}",E$17),SSC_Ontology_Ver0.5!$C$1347:$C$1422,$B21,SSC_Ontology_Ver0.5!$D$1347:$D$1422,SUBSTITUTE($C21,"{P}",E$17)) -> 1 | F21: =COUNTIFS(SSC_Ontology_Ver0.5!$A$1347:$A$1422,SUBSTITUTE($A21,"{P}",F$17),SSC_Ontology_Ver0.5!$C$1347:$C$1422,$B21,SSC_Ontology_Ver0.5!$D$1347:$D$1422,SUBSTITUTE($C21,"{P}",F$17)) -> 1 | G21: =COUNTIFS(SSC_Ontology_Ver0.5!$A$1347:$A$1422,SUBSTITUTE($A21,"{P}",G$17),SSC_Ontology_Ver0.5!$C$1347:$C$1422,$B21,SSC_Ontology_Ver0.5!$D$1347:$D$1422,SUBSTITUTE($C21,"{P}",G$17)) -> 1 | H21: =IF(AND(MIN(D21:G21)=MAX(D21:G21),MAX(D21:G21)=1),"OK",IF(MIN(D21:G21)=0,"Not on all pumps","Duplicated")) -> OK
A22: entity:SSC_CHW_{P} | B22: brick:hasPoint | C22: entity:SSC_CHW_{P}_UNScheduled_Outage_Hours | D22: =COUNTIFS(SSC_Ontology_Ver0.5!$A$1347:$A$1422,SUBSTITUTE($A22,"{P}",D$17),SSC_Ontology_Ver0.5!$C$1347:$C$1422,$B22,SSC_Ontology_Ver0.5!$D$1347:$D$1422,SUBSTITUTE($C22,"{P}",D$17)) -> 1 | E22: =COUNTIFS(SSC_Ontology_Ver0.5!$A$1347:$A$1422,SUBSTITUTE($A22,"{P}",E$17),SSC_Ontology_Ver0.5!$C$1347:$C$1422,$B22,SSC_Ontology_Ver0.5!$D$1347:$D$1422,SUBSTITUTE($C22,"{P}",E$17)) -> 1 | F22: =COUNTIFS(SSC_Ontology_Ver0.5!$A$1347:$A$1422,SUBSTITUTE($A22,"{P}",F$17),SSC_Ontology_Ver0.5!$C$1347:$C$1422,$B22,SSC_Ontology_Ver0.5!$D$1347:$D$1422,SUBSTITUTE($C22,"{P}",F$17)) -> 1 | G22: =COUNTIFS(SSC_Ontology_Ver0.5!$A$1347:$A$1422,SUBSTITUTE($A22,"{P}",G$17),SSC_Ontology_Ver0.5!$C$1347:$C$1422,$B22,SSC_Ontology_Ver0.5!$D$1347:$D$1422,SUBSTITUTE($C22,"{P}",G$17)) -> 1 | H22: =IF(AND(MIN(D22:G22)=MAX(D22:G22),MAX(D22:G22)=1),"OK",IF(MIN(D22:G22)=0,"Not on all pumps","Duplicated")) -> OK
A23: entity:SSC_CHW_{P} | B23: brick:isPartOf | C23: entity:CHW-System | D23: =COUNTIFS(SSC_Ontology_Ver0.5!$A$1347:$A$1422,SUBSTITUTE($A23,"{P}",D$17),SSC_Ontology_Ver0.5!$C$1347:$C$1422,$B23,SSC_Ontology_Ver0.5!$D$1347:$D$1422,SUBSTITUTE($C23,"{P}",D$17)) -> 1 | E23: =COUNTIFS(SSC_Ontology_Ver0.5!$A$1347:$A$1422,SUBSTITUTE($A23,"{P}",E$17),SSC_Ontology_Ver0.5!$C$1347:$C$1422,$B23,SSC_Ontology_Ver0.5!$D$1347:$D$1422,SUBSTITUTE($C23,"{P}",E$17)) -> 1 | F23: =COUNTIFS(SSC_Ontology_Ver0.5!$A$1347:$A$1422,SUBSTITUTE($A23,"{P}",F$17),SSC_Ontology_Ver0.5!$C$1347:$C$1422,$B23,SSC_Ontology_Ver0.5!$D$1347:$D$1422,SUBSTITUTE($C23,"{P}",F$17)) -> 1 | G23: =COUNTIFS(SSC_Ontology_Ver0.5!$A$1347:$A$1422,SUBSTITUTE($A23,"{P}",G$17),SSC_Ontology_Ver0.5!$C$1347:$C$1422,$B23,SSC_Ontology_Ver0.5!$D$1347:$D$1422,SUBSTITUTE($C23,"{P}",G$17)) -> 1 | H23: =IF(AND(MIN(D23:G23)=MAX(D23:G23),MAX(D23:G23)=1),"OK",IF(MIN(D23:G23)=0,"Not on all pumps","Duplicated")) -> OK
A24: entity:SSC_CHW_{P} | B24: rec:feeds | C24: entity:CHWS-MAIN-LOOP | D24: =COUNTIFS(SSC_Ontology_Ver0.5!$A$1347:$A$1422,SUBSTITUTE($A24,"{P}",D$17),SSC_Ontology_Ver0.5!$C$1347:$C$1422,$B24,SSC_Ontology_Ver0.5!$D$1347:$D$1422,SUBSTITUTE($C24,"{P}",D$17)) -> 1 | E24: =COUNTIFS(SSC_Ontology_Ver0.5!$A$1347:$A$1422,SUBSTITUTE($A24,"{P}",E$17),SSC_Ontology_Ver0.5!$C$1347:$C$1422,$B24,SSC_Ontology_Ver0.5!$D$1347:$D$1422,SUBSTITUTE($C24,"{P}",E$17)) -> 1 | F24: =COUNTIFS(SSC_Ontology_Ver0.5!$A$1347:$A$1422,SUBSTITUTE($A24,"{P}",F$17),SSC_Ontology_Ver0.5!$C$1347:$C$1422,$B24,SSC_Ontology_Ver0.5!$D$1347:$D$1422,SUBSTITUTE($C24,"{P}",F$17)) -> 1 | G24: =COUNTIFS(SSC_Ontology_Ver0.5!$A$1347:$A$1422,SUBSTITUTE($A24,"{P}",G$17),SSC_Ontology_Ver0.5!$C$1347:$C$1422,$B24,SSC_Ontology_Ver0.5!$D$1347:$D$1422,SUBSTITUTE($C24,"{P}",G$17)) -> 1 | H24: =IF(AND(MIN(D24:G24)=MAX(D24:G24),MAX(D24:G24)=1),"OK",IF(MIN(D24:G24)=0,"Not on all pumps","Duplicated")) -> OK
A25: entity:SSC_CHW_{P} | B25: rec:locatedIn | C25: entity:SSC_B1_014_VENT_PLANT | D25: =COUNTIFS(SSC_Ontology_Ver0.5!$A$1347:$A$1422,SUBSTITUTE($A25,"{P}",D$17),SSC_Ontology_Ver0.5!$C$1347:$C$1422,$B25,SSC_Ontology_Ver0.5!$D$1347:$D$1422,SUBSTITUTE($C25,"{P}",D$17)) -> 1 | E25: =COUNTIFS(SSC_Ontology_Ver0.5!$A$1347:$A$1422,SUBSTITUTE($A25,"{P}",E$17),SSC_Ontology_Ver0.5!$C$1347:$C$1422,$B25,SSC_Ontology_Ver0.5!$D$1347:$D$1422,SUBSTITUTE($C25,"{P}",E$17)) -> 1 | F25: =COUNTIFS(SSC_Ontology_Ver0.5!$A$1347:$A$1422,SUBSTITUTE($A25,"{P}",F$17),SSC_Ontology_Ver0.5!$C$1347:$C$1422,$B25,SSC_Ontology_Ver0.5!$D$1347:$D$1422,SUBSTITUTE($C25,"{P}",F$17)) -> 1 | G25: =COUNTIFS(SSC_Ontology_Ver0.5!$A$1347:$A$1422,SUBSTITUTE($A25,"{P}",G$17),SSC_Ontology_Ver0.5!$C$1347:$C$1422,$B25,SSC_Ontology_Ver0.5!$D$1347:$D$1422,SUBSTITUTE($C25,"{P}",G$17)) -> 1 | H25: =IF(AND(MIN(D25:G25)=MAX(D25:G25),MAX(D25:G25)=1),"OK",IF(MIN(D25:G25)=0,"Not on all pumps","Duplicated")) -> OK
A26: entity:SSC_CHW_{P} | B26: ref:hasExternalReference | C26: <blanknode> | D26: =COUNTIFS(SSC_Ontology_Ver0.5!$A$1347:$A$1422,SUBSTITUTE($A26,"{P}",D$17),SSC_Ontology_Ver0.5!$C$1347:$C$1422,$B26,SSC_Ontology_Ver0.5!$D$1347:$D$1422,SUBSTITUTE($C26,"{P}",D$17)) -> 1 | E26: =COUNTIFS(SSC_Ontology_Ver0.5!$A$1347:$A$1422,SUBSTITUTE($A26,"{P}",E$17),SSC_Ontology_Ver0.5!$C$1347:$C$1422,$B26,SSC_Ontology_Ver0.5!$D$1347:$D$1422,SUBSTITUTE($C26,"{P}",E$17)) -> 1 | F26: =COUNTIFS(SSC_Ontology_Ver0.5!$A$1347:$A$1422,SUBSTITUTE($A26,"{P}",F$17),SSC_Ontology_Ver0.5!$C$1347:$C$1422,$B26,SSC_Ontology_Ver0.5!$D$1347:$D$1422,SUBSTITUTE($C26,"{P}",F$17)) -> 1 | G26: =COUNTIFS(SSC_Ontology_Ver0.5!$A$1347:$A$1422,SUBSTITUTE($A26,"{P}",G$17),SSC_Ontology_Ver0.5!$C$1347:$C$1422,$B26,SSC_Ontology_Ver0.5!$D$1347:$D$1422,SUBSTITUTE($C26,"{P}",G$17)) -> 1 | H26: =IF(AND(MIN(D26:G26)=MAX(D26:G26),MAX(D26:G26)=1),"OK",IF(MIN(D26:G26)=0,"Not on all pumps","Duplicated")) -> OK
A27: entity:SSC_CHW_{P}_Electrical_Meter | B27: brick:hasPoint | C27: entity:SSC_CHW_{P}_Power_Sensor | D27: =COUNTIFS(SSC_Ontology_Ver0.5!$A$1347:$A$1422,SUBSTITUTE($A27,"{P}",D$17),SSC_Ontology_Ver0.5!$C$1347:$C$1422,$B27,SSC_Ontology_Ver0.5!$D$1347:$D$1422,SUBSTITUTE($C27,"{P}",D$17)) -> 1 | E27: =COUNTIFS(SSC_Ontology_Ver0.5!$A$1347:$A$1422,SUBSTITUTE($A27,"{P}",E$17),SSC_Ontology_Ver0.5!$C$1347:$C$1422,$B27,SSC_Ontology_Ver0.5!$D$1347:$D$1422,SUBSTITUTE($C27,"{P}",E$17)) -> 1 | F27: =COUNTIFS(SSC_Ontology_Ver0.5!$A$1347:$A$1422,SUBSTITUTE($A27,"{P}",F$17),SSC_Ontology_Ver0.5!$C$1347:$C$1422,$B27,SSC_Ontology_Ver0.5!$D$1347:$D$1422,SUBSTITUTE($C27,"{P}",F$17)) -> 1 | G27: =COUNTIFS(SSC_Ontology_Ver0.5!$A$1347:$A$1422,SUBSTITUTE($A27,"{P}",G$17),SSC_Ontology_Ver0.5!$C$1347:$C$1422,$B27,SSC_Ontology_Ver0.5!$D$1347:$D$1422,SUBSTITUTE($C27,"{P}",G$17)) -> 1 | H27: =IF(AND(MIN(D27:G27)=MAX(D27:G27),MAX(D27:G27)=1),"OK",IF(MIN(D27:G27)=0,"Not on all pumps","Duplicated")) -> OK
A28: entity:SSC_CHW_{P}_Motor | B28: brick:hasPoint | C28: entity:SSC_CHW_{P}_Speed_Command | D28: =COUNTIFS(SSC_Ontology_Ver0.5!$A$1347:$A$1422,SUBSTITUTE($A28,"{P}",D$17),SSC_Ontology_Ver0.5!$C$1347:$C$1422,$B28,SSC_Ontology_Ver0.5!$D$1347:$D$1422,SUBSTITUTE($C28,"{P}",D$17)) -> 1 | E28: =COUNTIFS(SSC_Ontology_Ver0.5!$A$1347:$A$1422,SUBSTITUTE($A28,"{P}",E$17),SSC_Ontology_Ver0.5!$C$1347:$C$1422,$B28,SSC_Ontology_Ver0.5!$D$1347:$D$1422,SUBSTITUTE($C28,"{P}",E$17)) -> 1 | F28: =COUNTIFS(SSC_Ontology_Ver0.5!$A$1347:$A$1422,SUBSTITUTE($A28,"{P}",F$17),SSC_Ontology_Ver0.5!$C$1347:$C$1422,$B28,SSC_Ontology_Ver0.5!$D$1347:$D$1422,SUBSTITUTE($C28,"{P}",F$17)) -> 1 | G28: =COUNTIFS(SSC_Ontology_Ver0.5!$A$1347:$A$1422,SUBSTITUTE($A28,"{P}",G$17),SSC_Ontology_Ver0.5!$C$1347:$C$1422,$B28,SSC_Ontology_Ver0.5!$D$1347:$D$1422,SUBSTITUTE($C28,"{P}",G$17)) -> 1 | H28: =IF(AND(MIN(D28:G28)=MAX(D28:G28),MAX(D28:G28)=1),"OK",IF(MIN(D28:G28)=0,"Not on all pumps","Duplicated")) -> OK
A29: entity:SSC_CHW_{P}_Motor | B29: brick:hasPoint | C29: entity:SSC_CHW_{P}_Speed_Fbk | D29: =COUNTIFS(SSC_Ontology_Ver0.5!$A$1347:$A$1422,SUBSTITUTE($A29,"{P}",D$17),SSC_Ontology_Ver0.5!$C$1347:$C$1422,$B29,SSC_Ontology_Ver0.5!$D$1347:$D$1422,SUBSTITUTE($C29,"{P}",D$17)) -> 1 | E29: =COUNTIFS(SSC_Ontology_Ver0.5!$A$1347:$A$1422,SUBSTITUTE($A29,"{P}",E$17),SSC_Ontology_Ver0.5!$C$1347:$C$1422,$B29,SSC_Ontology_Ver0.5!$D$1347:$D$1422,SUBSTITUTE($C29,"{P}",E$17)) -> 1 | F29: =COUNTIFS(SSC_Ontology_Ver0.5!$A$1347:$A$1422,SUBSTITUTE($A29,"{P}",F$17),SSC_Ontology_Ver0.5!$C$1347:$C$1422,$B29,SSC_Ontology_Ver0.5!$D$1347:$D$1422,SUBSTITUTE($C29,"{P}",F$17)) -> 1 | G29: =COUNTIFS(SSC_Ontology_Ver0.5!$A$1347:$A$1422,SUBSTITUTE($A29,"{P}",G$17),SSC_Ontology_Ver0.5!$C$1347:$C$1422,$B29,SSC_Ontology_Ver0.5!$D$1347:$D$1422,SUBSTITUTE($C29,"{P}",G$17)) -> 1 | H29: =IF(AND(MIN(D29:G29)=MAX(D29:G29),MAX(D29:G29)=1),"OK",IF(MIN(D29:G29)=0,"Not on all pumps","Duplicated")) -> OK
... A36: entity:SSC_CHW_{P}_UNScheduled_Outage_Hours | B36: ref:hasExternalReference | C36: <blanknode> | D36: =COUNTIFS(SSC_Ontology_Ver0.5!$A$1347:$A$1422,SUBSTITUTE($A36,"{P}",D$17),SSC_Ontology_Ver0.5!$C$1347:$C$1422,$B36,SSC_Ontology_Ver0.5!$D$1347:$D$1422,SUBSTITUTE($C36,"{P}",D$17)) -> 1 | E36: =COUNTIFS(SSC_Ontology_Ver0.5!$A$1347:$A$1422,SUBSTITUTE($A36,"{P}",E$17),SSC_Ontology_Ver0.5!$C$1347:$C$1422,$B36,SSC_Ontology_Ver0.5!$D$1347:$D$1422,SUBSTITUTE($C36,"{P}",E$17)) -> 1 | F36: =COUNTIFS(SSC_Ontology_Ver0.5!$A$1347:$A$1422,SUBSTITUTE($A36,"{P}",F$17),SSC_Ontology_Ver0.5!$C$1347:$C$1422,$B36,SSC_Ontology_Ver0.5!$D$1347:$D$1422,SUBSTITUTE($C36,"{P}",F$17)) -> 1 | G36: =COUNTIFS(SSC_Ontology_Ver0.5!$A$1347:$A$1422,SUBSTITUTE($A36,"{P}",G$17),SSC_Ontology_Ver0.5!$C$1347:$C$1422,$B36,SSC_Ontology_Ver0.5!$D$1347:$D$1422,SUBSTITUTE($C36,"{P}",G$17)) -> 1 | H36: =IF(AND(MIN(D36:G36)=MAX(D36:G36),MAX(D36:G36)=1),"OK",IF(MIN(D36:G36)=0,"Not on all pumps","Duplicated")) -> OK

Sheet HE_Comparison
A1: Heat Exchanger Ontology Consistency Check — SSC_CHW_HE01 to HE05
A2: Source: SSC_Ontology_Ver0.5!A1423:E1572 (150 triples). Relations normalised by replacing the HE id with {H}, then counted per unit. Type columns (B, E) also compared.
A4: 1. Triple count per heat exchanger
A5: Metric | B5: HE01 | C5: HE02 | D5: HE03 | E5: HE04 | F5: HE05 | G5: All equal?
A6: Rows in source | B6: =COUNTIF(SSC_Ontology_Ver0.5!$A$1423:$A$1572,"*"&"HE01"&"*") -> 32 | C6: =COUNTIF(SSC_Ontology_Ver0.5!$A$1423:$A$1572,"*"&"HE02"&"*") -> 32 | D6: =COUNTIF(SSC_Ontology_Ver0.5!$A$1423:$A$1572,"*"&"HE03"&"*") -> 32 | E6: =COUNTIF(SSC_Ontology_Ver0.5!$A$1423:$A$1572,"*"&"HE04"&"*") -> 32 | F6: =COUNTIF(SSC_Ontology_Ver0.5!$A$1423:$A$1572,"*"&"HE05"&"*") -> 22 | G6: =IF(MIN(B6:F6)=MAX(B6:F6),"YES","NO") -> NO
A7: Difference vs HE01 | B7: =0 -> 0 | C7: =C6-$B$6 -> 0 | D7: =D6-$B$6 -> 0 | E7: =E6-$B$6 -> 0 | F7: =F6-$B$6 -> -10
A9: 2. Findings
A10: Counts DO NOT match: HE01-HE04 have 32 rows each, HE05 has only 22 — 10 rows short.
A11: All 10 missing rows sit on HE05's Supply_Valve: the points Auto_Command, Manual_Auto_Status, Close_Command, Open_Command and Status are absent, together with their 5 ref:hasExternalReference rows. HE05's Supply_Valve keeps only its Temperature_Sensor.
A12: Everything else is consistent: the Return_Valve branch, Motor, isPartOf, locatedIn and IFC reference are identical on all 5. All 5 are in the same room (SSC_B1_014_VENT_PLANT), so there is no location variance.
A13: Type columns: no inconsistencies between units — every shared pattern carries the same subject/object class on all 5.
A14: Observation (affects all 5, so not a count discrepancy): Supply_Valve_Close_Command is typed para:Open_command and Supply_Valve_Open_Command is typed para:Close_command — the two classes look swapped. Also Return_Valve carries both _Open_Close_Status and _Status, both typed brick:Open_Close_Status, which looks like a duplicated point under two names.
A16: 3. Discrepancies — relations not present on every heat exchanger
A17: Subject pattern | B17: Predicate | C17: Object pattern | D17: HE01 | E17: HE02 | F17: HE03 | G17: HE04 | H17: HE05 | I17: Finding
A18: entity:SSC_CHW_{H}_Supply_Valve | B18: brick:hasPoint | C18: entity:SSC_CHW_{H}_Supply_Valve_Auto_Command | D18: =COUNTIFS(SSC_Ontology_Ver0.5!$A$1423:$A$1572,SUBSTITUTE($A18,"{H}",D$17),SSC_Ontology_Ver0.5!$C$1423:$C$1572,$B18,SSC_Ontology_Ver0.5!$D$1423:$D$1572,SUBSTITUTE($C18,"{H}",D$17)) -> 1 | E18: =COUNTIFS(SSC_Ontology_Ver0.5!$A$1423:$A$1572,SUBSTITUTE($A18,"{H}",E$17),SSC_Ontology_Ver0.5!$C$1423:$C$1572,$B18,SSC_Ontology_Ver0.5!$D$1423:$D$1572,SUBSTITUTE($C18,"{H}",E$17)) -> 1 | F18: =COUNTIFS(SSC_Ontology_Ver0.5!$A$1423:$A$1572,SUBSTITUTE($A18,"{H}",F$17),SSC_Ontology_Ver0.5!$C$1423:$C$1572,$B18,SSC_Ontology_Ver0.5!$D$1423:$D$1572,SUBSTITUTE($C18,"{H}",F$17)) -> 1 | G18: =COUNTIFS(SSC_Ontology_Ver0.5!$A$1423:$A$1572,SUBSTITUTE($A18,"{H}",G$17),SSC_Ontology_Ver0.5!$C$1423:$C$1572,$B18,SSC_Ontology_Ver0.5!$D$1423:$D$1572,SUBSTITUTE($C18,"{H}",G$17)) -> 1 | H18: =COUNTIFS(SSC_Ontology_Ver0.5!$A$1423:$A$1572,SUBSTITUTE($A18,"{H}",H$17),SSC_Ontology_Ver0.5!$C$1423:$C$1572,$B18,SSC_Ontology_Ver0.5!$D$1423:$D$1572,SUBSTITUTE($C18,"{H}",H$17)) -> 0 | I18: MISSING on HE05
A19: entity:SSC_CHW_{H}_Supply_Valve | B19: brick:hasPoint | C19: entity:SSC_CHW_{H}_Supply_Valve_Manual_Auto_Status | D19: =COUNTIFS(SSC_Ontology_Ver0.5!$A$1423:$A$1572,SUBSTITUTE($A19,"{H}",D$17),SSC_Ontology_Ver0.5!$C$1423:$C$1572,$B19,SSC_Ontology_Ver0.5!$D$1423:$D$1572,SUBSTITUTE($C19,"{H}",D$17)) -> 1 | E19: =COUNTIFS(SSC_Ontology_Ver0.5!$A$1423:$A$1572,SUBSTITUTE($A19,"{H}",E$17),SSC_Ontology_Ver0.5!$C$1423:$C$1572,$B19,SSC_Ontology_Ver0.5!$D$1423:$D$1572,SUBSTITUTE($C19,"{H}",E$17)) -> 1 | F19: =COUNTIFS(SSC_Ontology_Ver0.5!$A$1423:$A$1572,SUBSTITUTE($A19,"{H}",F$17),SSC_Ontology_Ver0.5!$C$1423:$C$1572,$B19,SSC_Ontology_Ver0.5!$D$1423:$D$1572,SUBSTITUTE($C19,"{H}",F$17)) -> 1 | G19: =COUNTIFS(SSC_Ontology_Ver0.5!$A$1423:$A$1572,SUBSTITUTE($A19,"{H}",G$17),SSC_Ontology_Ver0.5!$C$1423:$C$1572,$B19,SSC_Ontology_Ver0.5!$D$1423:$D$1572,SUBSTITUTE($C19,"{H}",G$17)) -> 1 | H19: =COUNTIFS(SSC_Ontology_Ver0.5!$A$1423:$A$1572,SUBSTITUTE($A19,"{H}",H$17),SSC_Ontology_Ver0.5!$C$1423:$C$1572,$B19,SSC_Ontology_Ver0.5!$D$1423:$D$1572,SUBSTITUTE($C19,"{H}",H$17)) -> 0 | I19: MISSING on HE05
A20: entity:SSC_CHW_{H}_Supply_Valve | B20: brick:hasPoint | C20: entity:SSC_CHW_{H}_Supply_Valve_Close_Command | D20: =COUNTIFS(SSC_Ontology_Ver0.5!$A$1423:$A$1572,SUBSTITUTE($A20,"{H}",D$17),SSC_Ontology_Ver0.5!$C$1423:$C$1572,$B20,SSC_Ontology_Ver0.5!$D$1423:$D$1572,SUBSTITUTE($C20,"{H}",D$17)) -> 1 | E20: =COUNTIFS(SSC_Ontology_Ver0.5!$A$1423:$A$1572,SUBSTITUTE($A20,"{H}",E$17),SSC_Ontology_Ver0.5!$C$1423:$C$1572,$B20,SSC_Ontology_Ver0.5!$D$1423:$D$1572,SUBSTITUTE($C20,"{H}",E$17)) -> 1 | F20: =COUNTIFS(SSC_Ontology_Ver0.5!$A$1423:$A$1572,SUBSTITUTE($A20,"{H}",F$17),SSC_Ontology_Ver0.5!$C$1423:$C$1572,$B20,SSC_Ontology_Ver0.5!$D$1423:$D$1572,SUBSTITUTE($C20,"{H}",F$17)) -> 1 | G20: =COUNTIFS(SSC_Ontology_Ver0.5!$A$1423:$A$1572,SUBSTITUTE($A20,"{H}",G$17),SSC_Ontology_Ver0.5!$C$1423:$C$1572,$B20,SSC_Ontology_Ver0.5!$D$1423:$D$1572,SUBSTITUTE($C20,"{H}",G$17)) -> 1 | H20: =COUNTIFS(SSC_Ontology_Ver0.5!$A$1423:$A$1572,SUBSTITUTE($A20,"{H}",H$17),SSC_Ontology_Ver0.5!$C$1423:$C$1572,$B20,SSC_Ontology_Ver0.5!$D$1423:$D$1572,SUBSTITUTE($C20,"{H}",H$17)) -> 0 | I20: MISSING on HE05
A21: entity:SSC_CHW_{H}_Supply_Valve | B21: brick:hasPoint | C21: entity:SSC_CHW_{H}_Supply_Valve_Open_Command | D21: =COUNTIFS(SSC_Ontology_Ver0.5!$A$1423:$A$1572,SUBSTITUTE($A21,"{H}",D$17),SSC_Ontology_Ver0.5!$C$1423:$C$1572,$B21,SSC_Ontology_Ver0.5!$D$1423:$D$1572,SUBSTITUTE($C21,"{H}",D$17)) -> 1 | E21: =COUNTIFS(SSC_Ontology_Ver0.5!$A$1423:$A$1572,SUBSTITUTE($A21,"{H}",E$17),SSC_Ontology_Ver0.5!$C$1423:$C$1572,$B21,SSC_Ontology_Ver0.5!$D$1423:$D$1572,SUBSTITUTE($C21,"{H}",E$17)) -> 1 | F21: =COUNTIFS(SSC_Ontology_Ver0.5!$A$1423:$A$1572,SUBSTITUTE($A21,"{H}",F$17),SSC_Ontology_Ver0.5!$C$1423:$C$1572,$B21,SSC_Ontology_Ver0.5!$D$1423:$D$1572,SUBSTITUTE($C21,"{H}",F$17)) -> 1 | G21: =COUNTIFS(SSC_Ontology_Ver0.5!$A$1423:$A$1572,SUBSTITUTE($A21,"{H}",G$17),SSC_Ontology_Ver0.5!$C$1423:$C$1572,$B21,SSC_Ontology_Ver0.5!$D$1423:$D$1572,SUBSTITUTE($C21,"{H}",G$17)) -> 1 | H21: =COUNTIFS(SSC_Ontology_Ver0.5!$A$1423:$A$1572,SUBSTITUTE($A21,"{H}",H$17),SSC_Ontology_Ver0.5!$C$1423:$C$1572,$B21,SSC_Ontology_Ver0.5!$D$1423:$D$1572,SUBSTITUTE($C21,"{H}",H$17)) -> 0 | I21: MISSING on HE05
A22: entity:SSC_CHW_{H}_Supply_Valve | B22: brick:hasPoint | C22: entity:SSC_CHW_{H}_Supply_Valve_Status | D22: =COUNTIFS(SSC_Ontology_Ver0.5!$A$1423:$A$1572,SUBSTITUTE($A22,"{H}",D$17),SSC_Ontology_Ver0.5!$C$1423:$C$1572,$B22,SSC_Ontology_Ver0.5!$D$1423:$D$1572,SUBSTITUTE($C22,"{H}",D$17)) -> 1 | E22: =COUNTIFS(SSC_Ontology_Ver0.5!$A$1423:$A$1572,SUBSTITUTE($A22,"{H}",E$17),SSC_Ontology_Ver0.5!$C$1423:$C$1572,$B22,SSC_Ontology_Ver0.5!$D$1423:$D$1572,SUBSTITUTE($C22,"{H}",E$17)) -> 1 | F22: =COUNTIFS(SSC_Ontology_Ver0.5!$A$1423:$A$1572,SUBSTITUTE($A22,"{H}",F$17),SSC_Ontology_Ver0.5!$C$1423:$C$1572,$B22,SSC_Ontology_Ver0.5!$D$1423:$D$1572,SUBSTITUTE($C22,"{H}",F$17)) -> 1 | G22: =COUNTIFS(SSC_Ontology_Ver0.5!$A$1423:$A$1572,SUBSTITUTE($A22,"{H}",G$17),SSC_Ontology_Ver0.5!$C$1423:$C$1572,$B22,SSC_Ontology_Ver0.5!$D$1423:$D$1572,SUBSTITUTE($C22,"{H}",G$17)) -> 1 | H22: =COUNTIFS(SSC_Ontology_Ver0.5!$A$1423:$A$1572,SUBSTITUTE($A22,"{H}",H$17),SSC_Ontology_Ver0.5!$C$1423:$C$1572,$B22,SSC_Ontology_Ver0.5!$D$1423:$D$1572,SUBSTITUTE($C22,"{H}",H$17)) -> 0 | I22: MISSING on HE05
A23: entity:SSC_CHW_{H}_Supply_Valve_Auto_Command | B23: ref:hasExternalReference | C23: <blanknode> | D23: =COUNTIFS(SSC_Ontology_Ver0.5!$A$1423:$A$1572,SUBSTITUTE($A23,"{H}",D$17),SSC_Ontology_Ver0.5!$C$1423:$C$1572,$B23,SSC_Ontology_Ver0.5!$D$1423:$D$1572,SUBSTITUTE($C23,"{H}",D$17)) -> 1 | E23: =COUNTIFS(SSC_Ontology_Ver0.5!$A$1423:$A$1572,SUBSTITUTE($A23,"{H}",E$17),SSC_Ontology_Ver0.5!$C$1423:$C$1572,$B23,SSC_Ontology_Ver0.5!$D$1423:$D$1572,SUBSTITUTE($C23,"{H}",E$17)) -> 1 | F23: =COUNTIFS(SSC_Ontology_Ver0.5!$A$1423:$A$1572,SUBSTITUTE($A23,"{H}",F$17),SSC_Ontology_Ver0.5!$C$1423:$C$1572,$B23,SSC_Ontology_Ver0.5!$D$1423:$D$1572,SUBSTITUTE($C23,"{H}",F$17)) -> 1 | G23: =COUNTIFS(SSC_Ontology_Ver0.5!$A$1423:$A$1572,SUBSTITUTE($A23,"{H}",G$17),SSC_Ontology_Ver0.5!$C$1423:$C$1572,$B23,SSC_Ontology_Ver0.5!$D$1423:$D$1572,SUBSTITUTE($C23,"{H}",G$17)) -> 1 | H23: =COUNTIFS(SSC_Ontology_Ver0.5!$A$1423:$A$1572,SUBSTITUTE($A23,"{H}",H$17),SSC_Ontology_Ver0.5!$C$1423:$C$1572,$B23,SSC_Ontology_Ver0.5!$D$1423:$D$1572,SUBSTITUTE($C23,"{H}",H$17)) -> 0 | I23: MISSING on HE05
A24: entity:SSC_CHW_{H}_Supply_Valve_Close_Command | B24: ref:hasExternalReference | C24: <blanknode> | D24: =COUNTIFS(SSC_Ontology_Ver0.5!$A$1423:$A$1572,SUBSTITUTE($A24,"{H}",D$17),SSC_Ontology_Ver0.5!$C$1423:$C$1572,$B24,SSC_Ontology_Ver0.5!$D$1423:$D$1572,SUBSTITUTE($C24,"{H}",D$17)) -> 1 | E24: =COUNTIFS(SSC_Ontology_Ver0.5!$A$1423:$A$1572,SUBSTITUTE($A24,"{H}",E$17),SSC_Ontology_Ver0.5!$C$1423:$C$1572,$B24,SSC_Ontology_Ver0.5!$D$1423:$D$1572,SUBSTITUTE($C24,"{H}",E$17)) -> 1 | F24: =COUNTIFS(SSC_Ontology_Ver0.5!$A$1423:$A$1572,SUBSTITUTE($A24,"{H}",F$17),SSC_Ontology_Ver0.5!$C$1423:$C$1572,$B24,SSC_Ontology_Ver0.5!$D$1423:$D$1572,SUBSTITUTE($C24,"{H}",F$17)) -> 1 | G24: =COUNTIFS(SSC_Ontology_Ver0.5!$A$1423:$A$1572,SUBSTITUTE($A24,"{H}",G$17),SSC_Ontology_Ver0.5!$C$1423:$C$1572,$B24,SSC_Ontology_Ver0.5!$D$1423:$D$1572,SUBSTITUTE($C24,"{H}",G$17)) -> 1 | H24: =COUNTIFS(SSC_Ontology_Ver0.5!$A$1423:$A$1572,SUBSTITUTE($A24,"{H}",H$17),SSC_Ontology_Ver0.5!$C$1423:$C$1572,$B24,SSC_Ontology_Ver0.5!$D$1423:$D$1572,SUBSTITUTE($C24,"{H}",H$17)) -> 0 | I24: MISSING on HE05
A25: entity:SSC_CHW_{H}_Supply_Valve_Manual_Auto_Status | B25: ref:hasExternalReference | C25: <blanknode> | D25: =COUNTIFS(SSC_Ontology_Ver0.5!$A$1423:$A$1572,SUBSTITUTE($A25,"{H}",D$17),SSC_Ontology_Ver0.5!$C$1423:$C$1572,$B25,SSC_Ontology_Ver0.5!$D$1423:$D$1572,SUBSTITUTE($C25,"{H}",D$17)) -> 1 | E25: =COUNTIFS(SSC_Ontology_Ver0.5!$A$1423:$A$1572,SUBSTITUTE($A25,"{H}",E$17),SSC_Ontology_Ver0.5!$C$1423:$C$1572,$B25,SSC_Ontology_Ver0.5!$D$1423:$D$1572,SUBSTITUTE($C25,"{H}",E$17)) -> 1 | F25: =COUNTIFS(SSC_Ontology_Ver0.5!$A$1423:$A$1572,SUBSTITUTE($A25,"{H}",F$17),SSC_Ontology_Ver0.5!$C$1423:$C$1572,$B25,SSC_Ontology_Ver0.5!$D$1423:$D$1572,SUBSTITUTE($C25,"{H}",F$17)) -> 1 | G25: =COUNTIFS(SSC_Ontology_Ver0.5!$A$1423:$A$1572,SUBSTITUTE($A25,"{H}",G$17),SSC_Ontology_Ver0.5!$C$1423:$C$1572,$B25,SSC_Ontology_Ver0.5!$D$1423:$D$1572,SUBSTITUTE($C25,"{H}",G$17)) -> 1 | H25: =COUNTIFS(SSC_Ontology_Ver0.5!$A$1423:$A$1572,SUBSTITUTE($A25,"{H}",H$17),SSC_Ontology_Ver0.5!$C$1423:$C$1572,$B25,SSC_Ontology_Ver0.5!$D$1423:$D$1572,SUBSTITUTE($C25,"{H}",H$17)) -> 0 | I25: MISSING on HE05
A26: entity:SSC_CHW_{H}_Supply_Valve_Open_Command | B26: ref:hasExternalReference | C26: <blanknode> | D26: =COUNTIFS(SSC_Ontology_Ver0.5!$A$1423:$A$1572,SUBSTITUTE($A26,"{H}",D$17),SSC_Ontology_Ver0.5!$C$1423:$C$1572,$B26,SSC_Ontology_Ver0.5!$D$1423:$D$1572,SUBSTITUTE($C26,"{H}",D$17)) -> 1 | E26: =COUNTIFS(SSC_Ontology_Ver0.5!$A$1423:$A$1572,SUBSTITUTE($A26,"{H}",E$17),SSC_Ontology_Ver0.5!$C$1423:$C$1572,$B26,SSC_Ontology_Ver0.5!$D$1423:$D$1572,SUBSTITUTE($C26,"{H}",E$17)) -> 1 | F26: =COUNTIFS(SSC_Ontology_Ver0.5!$A$1423:$A$1572,SUBSTITUTE($A26,"{H}",F$17),SSC_Ontology_Ver0.5!$C$1423:$C$1572,$B26,SSC_Ontology_Ver0.5!$D$1423:$D$1572,SUBSTITUTE($C26,"{H}",F$17)) -> 1 | G26: =COUNTIFS(SSC_Ontology_Ver0.5!$A$1423:$A$1572,SUBSTITUTE($A26,"{H}",G$17),SSC_Ontology_Ver0.5!$C$1423:$C$1572,$B26,SSC_Ontology_Ver0.5!$D$1423:$D$1572,SUBSTITUTE($C26,"{H}",G$17)) -> 1 | H26: =COUNTIFS(SSC_Ontology_Ver0.5!$A$1423:$A$1572,SUBSTITUTE($A26,"{H}",H$17),SSC_Ontology_Ver0.5!$C$1423:$C$1572,$B26,SSC_Ontology_Ver0.5!$D$1423:$D$1572,SUBSTITUTE($C26,"{H}",H$17)) -> 0 | I26: MISSING on HE05
A27: entity:SSC_CHW_{H}_Supply_Valve_Status | B27: ref:hasExternalReference | C27: <blanknode> | D27: =COUNTIFS(SSC_Ontology_Ver0.5!$A$1423:$A$1572,SUBSTITUTE($A27,"{H}",D$17),SSC_Ontology_Ver0.5!$C$1423:$C$1572,$B27,SSC_Ontology_Ver0.5!$D$1423:$D$1572,SUBSTITUTE($C27,"{H}",D$17)) -> 1 | E27: =COUNTIFS(SSC_Ontology_Ver0.5!$A$1423:$A$1572,SUBSTITUTE($A27,"{H}",E$17),SSC_Ontology_Ver0.5!$C$1423:$C$1572,$B27,SSC_Ontology_Ver0.5!$D$1423:$D$1572,SUBSTITUTE($C27,"{H}",E$17)) -> 1 | F27: =COUNTIFS(SSC_Ontology_Ver0.5!$A$1423:$A$1572,SUBSTITUTE($A27,"{H}",F$17),SSC_Ontology_Ver0.5!$C$1423:$C$1572,$B27,SSC_Ontology_Ver0.5!$D$1423:$D$1572,SUBSTITUTE($C27,"{H}",F$17)) -> 1 | G27: =COUNTIFS(SSC_Ontology_Ver0.5!$A$1423:$A$1572,SUBSTITUTE($A27,"{H}",G$17),SSC_Ontology_Ver0.5!$C$1423:$C$1572,$B27,SSC_Ontology_Ver0.5!$D$1423:$D$1572,SUBSTITUTE($C27,"{H}",G$17)) -> 1 | H27: =COUNTIFS(SSC_Ontology_Ver0.5!$A$1423:$A$1572,SUBSTITUTE($A27,"{H}",H$17),SSC_Ontology_Ver0.5!$C$1423:$C$1572,$B27,SSC_Ontology_Ver0.5!$D$1423:$D$1572,SUBSTITUTE($C27,"{H}",H$17)) -> 0 | I27: MISSING on HE05
A28: 4. Full relation matrix — every unique heat exchanger relation pattern and its count per unit
A29: Subject pattern | B29: Predicate | C29: Object pattern | D29: HE01 | E29: HE02 | F29: HE03 | G29: HE04 | H29: HE05 | I29: Status
A30: entity:SSC_CHW_{H} | B30: brick:hasPart | C30: entity:SSC_CHW_{H}_Return_Valve | D30: =COUNTIFS(SSC_Ontology_Ver0.5!$A$1423:$A$1572,SUBSTITUTE($A30,"{H}",D$29),SSC_Ontology_Ver0.5!$C$1423:$C$1572,$B30,SSC_Ontology_Ver0.5!$D$1423:$D$1572,SUBSTITUTE($C30,"{H}",D$29)) -> 1 | E30: =COUNTIFS(SSC_Ontology_Ver0.5!$A$1423:$A$1572,SUBSTITUTE($A30,"{H}",E$29),SSC_Ontology_Ver0.5!$C$1423:$C$1572,$B30,SSC_Ontology_Ver0.5!$D$1423:$D$1572,SUBSTITUTE($C30,"{H}",E$29)) -> 1 | F30: =COUNTIFS(SSC_Ontology_Ver0.5!$A$1423:$A$1572,SUBSTITUTE($A30,"{H}",F$29),SSC_Ontology_Ver0.5!$C$1423:$C$1572,$B30,SSC_Ontology_Ver0.5!$D$1423:$D$1572,SUBSTITUTE($C30,"{H}",F$29)) -> 1 | G30: =COUNTIFS(SSC_Ontology_Ver0.5!$A$1423:$A$1572,SUBSTITUTE($A30,"{H}",G$29),SSC_Ontology_Ver0.5!$C$1423:$C$1572,$B30,SSC_Ontology_Ver0.5!$D$1423:$D$1572,SUBSTITUTE($C30,"{H}",G$29)) -> 1 | H30: =COUNTIFS(SSC_Ontology_Ver0.5!$A$1423:$A$1572,SUBSTITUTE($A30,"{H}",H$29),SSC_Ontology_Ver0.5!$C$1423:$C$1572,$B30,SSC_Ontology_Ver0.5!$D$1423:$D$1572,SUBSTITUTE($C30,"{H}",H$29)) -> 1 | I30: =IF(AND(MIN(D30:H30)=MAX(D30:H30),MAX(D30:H30)=1),"OK",IF(MIN(D30:H30)=0,"Not on all units","Duplicated")) -> OK
A31: entity:SSC_CHW_{H} | B31: brick:hasPart | C31: entity:SSC_CHW_{H}_Supply_Valve | D31: =COUNTIFS(SSC_Ontology_Ver0.5!$A$1423:$A$1572,SUBSTITUTE($A31,"{H}",D$29),SSC_Ontology_Ver0.5!$C$1423:$C$1572,$B31,SSC_Ontology_Ver0.5!$D$1423:$D$1572,SUBSTITUTE($C31,"{H}",D$29)) -> 1 | E31: =COUNTIFS(SSC_Ontology_Ver0.5!$A$1423:$A$1572,SUBSTITUTE($A31,"{H}",E$29),SSC_Ontology_Ver0.5!$C$1423:$C$1572,$B31,SSC_Ontology_Ver0.5!$D$1423:$D$1572,SUBSTITUTE($C31,"{H}",E$29)) -> 1 | F31: =COUNTIFS(SSC_Ontology_Ver0.5!$A$1423:$A$1572,SUBSTITUTE($A31,"{H}",F$29),SSC_Ontology_Ver0.5!$C$1423:$C$1572,$B31,SSC_Ontology_Ver0.5!$D$1423:$D$1572,SUBSTITUTE($C31,"{H}",F$29)) -> 1 | G31: =COUNTIFS(SSC_Ontology_Ver0.5!$A$1423:$A$1572,SUBSTITUTE($A31,"{H}",G$29),SSC_Ontology_Ver0.5!$C$1423:$C$1572,$B31,SSC_Ontology_Ver0.5!$D$1423:$D$1572,SUBSTITUTE($C31,"{H}",G$29)) -> 1 | H31: =COUNTIFS(SSC_Ontology_Ver0.5!$A$1423:$A$1572,SUBSTITUTE($A31,"{H}",H$29),SSC_Ontology_Ver0.5!$C$1423:$C$1572,$B31,SSC_Ontology_Ver0.5!$D$1423:$D$1572,SUBSTITUTE($C31,"{H}",H$29)) -> 1 | I31: =IF(AND(MIN(D31:H31)=MAX(D31:H31),MAX(D31:H31)=1),"OK",IF(MIN(D31:H31)=0,"Not on all units","Duplicated")) -> OK
A32: entity:SSC_CHW_{H} | B32: brick:isPartOf | C32: entity:CHW-System | D32: =COUNTIFS(SSC_Ontology_Ver0.5!$A$1423:$A$1572,SUBSTITUTE($A32,"{H}",D$29),SSC_Ontology_Ver0.5!$C$1423:$C$1572,$B32,SSC_Ontology_Ver0.5!$D$1423:$D$1572,SUBSTITUTE($C32,"{H}",D$29)) -> 1 | E32: =COUNTIFS(SSC_Ontology_Ver0.5!$A$1423:$A$1572,SUBSTITUTE($A32,"{H}",E$29),SSC_Ontology_Ver0.5!$C$1423:$C$1572,$B32,SSC_Ontology_Ver0.5!$D$1423:$D$1572,SUBSTITUTE($C32,"{H}",E$29)) -> 1 | F32: =COUNTIFS(SSC_Ontology_Ver0.5!$A$1423:$A$1572,SUBSTITUTE($A32,"{H}",F$29),SSC_Ontology_Ver0.5!$C$1423:$C$1572,$B32,SSC_Ontology_Ver0.5!$D$1423:$D$1572,SUBSTITUTE($C32,"{H}",F$29)) -> 1 | G32: =COUNTIFS(SSC_Ontology_Ver0.5!$A$1423:$A$1572,SUBSTITUTE($A32,"{H}",G$29),SSC_Ontology_Ver0.5!$C$1423:$C$1572,$B32,SSC_Ontology_Ver0.5!$D$1423:$D$1572,SUBSTITUTE($C32,"{H}",G$29)) -> 1 | H32: =COUNTIFS(SSC_Ontology_Ver0.5!$A$1423:$A$1572,SUBSTITUTE($A32,"{H}",H$29),SSC_Ontology_Ver0.5!$C$1423:$C$1572,$B32,SSC_Ontology_Ver0.5!$D$1423:$D$1572,SUBSTITUTE($C32,"{H}",H$29)) -> 1 | I32: =IF(AND(MIN(D32:H32)=MAX(D32:H32),MAX(D32:H32)=1),"OK",IF(MIN(D32:H32)=0,"Not on all units","Duplicated")) -> OK
A33: entity:SSC_CHW_{H} | B33: rec:locatedIn | C33: entity:SSC_B1_014_VENT_PLANT | D33: =COUNTIFS(SSC_Ontology_Ver0.5!$A$1423:$A$1572,SUBSTITUTE($A33,"{H}",D$29),SSC_Ontology_Ver0.5!$C$1423:$C$1572,$B33,SSC_Ontology_Ver0.5!$D$1423:$D$1572,SUBSTITUTE($C33,"{H}",D$29)) -> 1 | E33: =COUNTIFS(SSC_Ontology_Ver0.5!$A$1423:$A$1572,SUBSTITUTE($A33,"{H}",E$29),SSC_Ontology_Ver0.5!$C$1423:$C$1572,$B33,SSC_Ontology_Ver0.5!$D$1423:$D$1572,SUBSTITUTE($C33,"{H}",E$29)) -> 1 | F33: =COUNTIFS(SSC_Ontology_Ver0.5!$A$1423:$A$1572,SUBSTITUTE($A33,"{H}",F$29),SSC_Ontology_Ver0.5!$C$1423:$C$1572,$B33,SSC_Ontology_Ver0.5!$D$1423:$D$1572,SUBSTITUTE($C33,"{H}",F$29)) -> 1 | G33: =COUNTIFS(SSC_Ontology_Ver0.5!$A$1423:$A$1572,SUBSTITUTE($A33,"{H}",G$29),SSC_Ontology_Ver0.5!$C$1423:$C$1572,$B33,SSC_Ontology_Ver0.5!$D$1423:$D$1572,SUBSTITUTE($C33,"{H}",G$29)) -> 1 | H33: =COUNTIFS(SSC_Ontology_Ver0.5!$A$1423:$A$1572,SUBSTITUTE($A33,"{H}",H$29),SSC_Ontology_Ver0.5!$C$1423:$C$1572,$B33,SSC_Ontology_Ver0.5!$D$1423:$D$1572,SUBSTITUTE($C33,"{H}",H$29)) -> 1 | I33: =IF(AND(MIN(D33:H33)=MAX(D33:H33),MAX(D33:H33)=1),"OK",IF(MIN(D33:H33)=0,"Not on all units","Duplicated")) -> OK
A34: entity:SSC_CHW_{H} | B34: ref:hasExternalReference | C34: <blanknode> | D34: =COUNTIFS(SSC_Ontology_Ver0.5!$A$1423:$A$1572,SUBSTITUTE($A34,"{H}",D$29),SSC_Ontology_Ver0.5!$C$1423:$C$1572,$B34,SSC_Ontology_Ver0.5!$D$1423:$D$1572,SUBSTITUTE($C34,"{H}",D$29)) -> 1 | E34: =COUNTIFS(SSC_Ontology_Ver0.5!$A$1423:$A$1572,SUBSTITUTE($A34,"{H}",E$29),SSC_Ontology_Ver0.5!$C$1423:$C$1572,$B34,SSC_Ontology_Ver0.5!$D$1423:$D$1572,SUBSTITUTE($C34,"{H}",E$29)) -> 1 | F34: =COUNTIFS(SSC_Ontology_Ver0.5!$A$1423:$A$1572,SUBSTITUTE($A34,"{H}",F$29),SSC_Ontology_Ver0.5!$C$1423:$C$1572,$B34,SSC_Ontology_Ver0.5!$D$1423:$D$1572,SUBSTITUTE($C34,"{H}",F$29)) -> 1 | G34: =COUNTIFS(SSC_Ontology_Ver0.5!$A$1423:$A$1572,SUBSTITUTE($A34,"{H}",G$29),SSC_Ontology_Ver0.5!$C$1423:$C$1572,$B34,SSC_Ontology_Ver0.5!$D$1423:$D$1572,SUBSTITUTE($C34,"{H}",G$29)) -> 1 | H34: =COUNTIFS(SSC_Ontology_Ver0.5!$A$1423:$A$1572,SUBSTITUTE($A34,"{H}",H$29),SSC_Ontology_Ver0.5!$C$1423:$C$1572,$B34,SSC_Ontology_Ver0.5!$D$1423:$D$1572,SUBSTITUTE($C34,"{H}",H$29)) -> 1 | I34: =IF(AND(MIN(D34:H34)=MAX(D34:H34),MAX(D34:H34)=1),"OK",IF(MIN(D34:H34)=0,"Not on all units","Duplicated")) -> OK
A35: entity:SSC_CHW_{H}_Return_Valve | B35: brick:hasPart | C35: entity:SSC_CHW_{H}_Return_Valve_Motor | D35: =COUNTIFS(SSC_Ontology_Ver0.5!$A$1423:$A$1572,SUBSTITUTE($A35,"{H}",D$29),SSC_Ontology_Ver0.5!$C$1423:$C$1572,$B35,SSC_Ontology_Ver0.5!$D$1423:$D$1572,SUBSTITUTE($C35,"{H}",D$29)) -> 1 | E35: =COUNTIFS(SSC_Ontology_Ver0.5!$A$1423:$A$1572,SUBSTITUTE($A35,"{H}",E$29),SSC_Ontology_Ver0.5!$C$1423:$C$1572,$B35,SSC_Ontology_Ver0.5!$D$1423:$D$1572,SUBSTITUTE($C35,"{H}",E$29)) -> 1 | F35: =COUNTIFS(SSC_Ontology_Ver0.5!$A$1423:$A$1572,SUBSTITUTE($A35,"{H}",F$29),SSC_Ontology_Ver0.5!$C$1423:$C$1572,$B35,SSC_Ontology_Ver0.5!$D$1423:$D$1572,SUBSTITUTE($C35,"{H}",F$29)) -> 1 | G35: =COUNTIFS(SSC_Ontology_Ver0.5!$A$1423:$A$1572,SUBSTITUTE($A35,"{H}",G$29),SSC_Ontology_Ver0.5!$C$1423:$C$1572,$B35,SSC_Ontology_Ver0.5!$D$1423:$D$1572,SUBSTITUTE($C35,"{H}",G$29)) -> 1 | H35: =COUNTIFS(SSC_Ontology_Ver0.5!$A$1423:$A$1572,SUBSTITUTE($A35,"{H}",H$29),SSC_Ontology_Ver0.5!$C$1423:$C$1572,$B35,SSC_Ontology_Ver0.5!$D$1423:$D$1572,SUBSTITUTE($C35,"{H}",H$29)) -> 1 | I35: =IF(AND(MIN(D35:H35)=MAX(D35:H35),MAX(D35:H35)=1),"OK",IF(MIN(D35:H35)=0,"Not on all units","Duplicated")) -> OK
A36: entity:SSC_CHW_{H}_Return_Valve | B36: brick:hasPoint | C36: entity:SSC_CHW_{H}_Return_Valve_Open_Close_Status | D36: =COUNTIFS(SSC_Ontology_Ver0.5!$A$1423:$A$1572,SUBSTITUTE($A36,"{H}",D$29),SSC_Ontology_Ver0.5!$C$1423:$C$1572,$B36,SSC_Ontology_Ver0.5!$D$1423:$D$1572,SUBSTITUTE($C36,"{H}",D$29)) -> 1 | E36: =COUNTIFS(SSC_Ontology_Ver0.5!$A$1423:$A$1572,SUBSTITUTE($A36,"{H}",E$29),SSC_Ontology_Ver0.5!$C$1423:$C$1572,$B36,SSC_Ontology_Ver0.5!$D$1423:$D$1572,SUBSTITUTE($C36,"{H}",E$29)) -> 1 | F36: =COUNTIFS(SSC_Ontology_Ver0.5!$A$1423:$A$1572,SUBSTITUTE($A36,"{H}",F$29),SSC_Ontology_Ver0.5!$C$1423:$C$1572,$B36,SSC_Ontology_Ver0.5!$D$1423:$D$1572,SUBSTITUTE($C36,"{H}",F$29)) -> 1 | G36: =COUNTIFS(SSC_Ontology_Ver0.5!$A$1423:$A$1572,SUBSTITUTE($A36,"{H}",G$29),SSC_Ontology_Ver0.5!$C$1423:$C$1572,$B36,SSC_Ontology_Ver0.5!$D$1423:$D$1572,SUBSTITUTE($C36,"{H}",G$29)) -> 1 | H36: =COUNTIFS(SSC_Ontology_Ver0.5!$A$1423:$A$1572,SUBSTITUTE($A36,"{H}",H$29),SSC_Ontology_Ver0.5!$C$1423:$C$1572,$B36,SSC_Ontology_Ver0.5!$D$1423:$D$1572,SUBSTITUTE($C36,"{H}",H$29)) -> 1 | I36: =IF(AND(MIN(D36:H36)=MAX(D36:H36),MAX(D36:H36)=1),"OK",IF(MIN(D36:H36)=0,"Not on all units","Duplicated")) -> OK
A37: entity:SSC_CHW_{H}_Return_Valve | B37: brick:hasPoint | C37: entity:SSC_CHW_{H}_Return_Valve_Diff_Prs | D37: =COUNTIFS(SSC_Ontology_Ver0.5!$A$1423:$A$1572,SUBSTITUTE($A37,"{H}",D$29),SSC_Ontology_Ver0.5!$C$1423:$C$1572,$B37,SSC_Ontology_Ver0.5!$D$1423:$D$1572,SUBSTITUTE($C37,"{H}",D$29)) -> 1 | E37: =COUNTIFS(SSC_Ontology_Ver0.5!$A$1423:$A$1572,SUBSTITUTE($A37,"{H}",E$29),SSC_Ontology_Ver0.5!$C$1423:$C$1572,$B37,SSC_Ontology_Ver0.5!$D$1423:$D$1572,SUBSTITUTE($C37,"{H}",E$29)) -> 1 | F37: =COUNTIFS(SSC_Ontology_Ver0.5!$A$1423:$A$1572,SUBSTITUTE($A37,"{H}",F$29),SSC_Ontology_Ver0.5!$C$1423:$C$1572,$B37,SSC_Ontology_Ver0.5!$D$1423:$D$1572,SUBSTITUTE($C37,"{H}",F$29)) -> 1 | G37: =COUNTIFS(SSC_Ontology_Ver0.5!$A$1423:$A$1572,SUBSTITUTE($A37,"{H}",G$29),SSC_Ontology_Ver0.5!$C$1423:$C$1572,$B37,SSC_Ontology_Ver0.5!$D$1423:$D$1572,SUBSTITUTE($C37,"{H}",G$29)) -> 1 | H37: =COUNTIFS(SSC_Ontology_Ver0.5!$A$1423:$A$1572,SUBSTITUTE($A37,"{H}",H$29),SSC_Ontology_Ver0.5!$C$1423:$C$1572,$B37,SSC_Ontology_Ver0.5!$D$1423:$D$1572,SUBSTITUTE($C37,"{H}",H$29)) -> 1 | I37: =IF(AND(MIN(D37:H37)=MAX(D37:H37),MAX(D37:H37)=1),"OK",IF(MIN(D37:H37)=0,"Not on all units","Duplicated")) -> OK
A38: entity:SSC_CHW_{H}_Return_Valve | B38: brick:hasPoint | C38: entity:SSC_CHW_{H}_Return_Valve_Position_Command | D38: =COUNTIFS(SSC_Ontology_Ver0.5!$A$1423:$A$1572,SUBSTITUTE($A38,"{H}",D$29),SSC_Ontology_Ver0.5!$C$1423:$C$1572,$B38,SSC_Ontology_Ver0.5!$D$1423:$D$1572,SUBSTITUTE($C38,"{H}",D$29)) -> 1 | E38: =COUNTIFS(SSC_Ontology_Ver0.5!$A$1423:$A$1572,SUBSTITUTE($A38,"{H}",E$29),SSC_Ontology_Ver0.5!$C$1423:$C$1572,$B38,SSC_Ontology_Ver0.5!$D$1423:$D$1572,SUBSTITUTE($C38,"{H}",E$29)) -> 1 | F38: =COUNTIFS(SSC_Ontology_Ver0.5!$A$1423:$A$1572,SUBSTITUTE($A38,"{H}",F$29),SSC_Ontology_Ver0.5!$C$1423:$C$1572,$B38,SSC_Ontology_Ver0.5!$D$1423:$D$1572,SUBSTITUTE($C38,"{H}",F$29)) -> 1 | G38: =COUNTIFS(SSC_Ontology_Ver0.5!$A$1423:$A$1572,SUBSTITUTE($A38,"{H}",G$29),SSC_Ontology_Ver0.5!$C$1423:$C$1572,$B38,SSC_Ontology_Ver0.5!$D$1423:$D$1572,SUBSTITUTE($C38,"{H}",G$29)) -> 1 | H38: =COUNTIFS(SSC_Ontology_Ver0.5!$A$1423:$A$1572,SUBSTITUTE($A38,"{H}",H$29),SSC_Ontology_Ver0.5!$C$1423:$C$1572,$B38,SSC_Ontology_Ver0.5!$D$1423:$D$1572,SUBSTITUTE($C38,"{H}",H$29)) -> 1 | I38: =IF(AND(MIN(D38:H38)=MAX(D38:H38),MAX(D38:H38)=1),"OK",IF(MIN(D38:H38)=0,"Not on all units","Duplicated")) -> OK
A39: entity:SSC_CHW_{H}_Return_Valve | B39: brick:hasPoint | C39: entity:SSC_CHW_{H}_Return_Valve_Position | D39: =COUNTIFS(SSC_Ontology_Ver0.5!$A$1423:$A$1572,SUBSTITUTE($A39,"{H}",D$29),SSC_Ontology_Ver0.5!$C$1423:$C$1572,$B39,SSC_Ontology_Ver0.5!$D$1423:$D$1572,SUBSTITUTE($C39,"{H}",D$29)) -> 1 | E39: =COUNTIFS(SSC_Ontology_Ver0.5!$A$1423:$A$1572,SUBSTITUTE($A39,"{H}",E$29),SSC_Ontology_Ver0.5!$C$1423:$C$1572,$B39,SSC_Ontology_Ver0.5!$D$1423:$D$1572,SUBSTITUTE($C39,"{H}",E$29)) -> 1 | F39: =COUNTIFS(SSC_Ontology_Ver0.5!$A$1423:$A$1572,SUBSTITUTE($A39,"{H}",F$29),SSC_Ontology_Ver0.5!$C$1423:$C$1572,$B39,SSC_Ontology_Ver0.5!$D$1423:$D$1572,SUBSTITUTE($C39,"{H}",F$29)) -> 1 | G39: =COUNTIFS(SSC_Ontology_Ver0.5!$A$1423:$A$1572,SUBSTITUTE($A39,"{H}",G$29),SSC_Ontology_Ver0.5!$C$1423:$C$1572,$B39,SSC_Ontology_Ver0.5!$D$1423:$D$1572,SUBSTITUTE($C39,"{H}",G$29)) -> 1 | H39: =COUNTIFS(SSC_Ontology_Ver0.5!$A$1423:$A$1572,SUBSTITUTE($A39,"{H}",H$29),SSC_Ontology_Ver0.5!$C$1423:$C$1572,$B39,SSC_Ontology_Ver0.5!$D$1423:$D$1572,SUBSTITUTE($C39,"{H}",H$29)) -> 1 | I39: =IF(AND(MIN(D39:H39)=MAX(D39:H39),MAX(D39:H39)=1),"OK",IF(MIN(D39:H39)=0,"Not on all units","Duplicated")) -> OK
A40: entity:SSC_CHW_{H}_Return_Valve | B40: brick:hasPoint | C40: entity:SSC_CHW_{H}_Return_Valve_Status | D40: =COUNTIFS(SSC_Ontology_Ver0.5!$A$1423:$A$1572,SUBSTITUTE($A40,"{H}",D$29),SSC_Ontology_Ver0.5!$C$1423:$C$1572,$B40,SSC_Ontology_Ver0.5!$D$1423:$D$1572,SUBSTITUTE($C40,"{H}",D$29)) -> 1 | E40: =COUNTIFS(SSC_Ontology_Ver0.5!$A$1423:$A$1572,SUBSTITUTE($A40,"{H}",E$29),SSC_Ontology_Ver0.5!$C$1423:$C$1572,$B40,SSC_Ontology_Ver0.5!$D$1423:$D$1572,SUBSTITUTE($C40,"{H}",E$29)) -> 1 | F40: =COUNTIFS(SSC_Ontology_Ver0.5!$A$1423:$A$1572,SUBSTITUTE($A40,"{H}",F$29),SSC_Ontology_Ver0.5!$C$1423:$C$1572,$B40,SSC_Ontology_Ver0.5!$D$1423:$D$1572,SUBSTITUTE($C40,"{H}",F$29)) -> 1 | G40: =COUNTIFS(SSC_Ontology_Ver0.5!$A$1423:$A$1572,SUBSTITUTE($A40,"{H}",G$29),SSC_Ontology_Ver0.5!$C$1423:$C$1572,$B40,SSC_Ontology_Ver0.5!$D$1423:$D$1572,SUBSTITUTE($C40,"{H}",G$29)) -> 1 | H40: =COUNTIFS(SSC_Ontology_Ver0.5!$A$1423:$A$1572,SUBSTITUTE($A40,"{H}",H$29),SSC_Ontology_Ver0.5!$C$1423:$C$1572,$B40,SSC_Ontology_Ver0.5!$D$1423:$D$1572,SUBSTITUTE($C40,"{H}",H$29)) -> 1 | I40: =IF(AND(MIN(D40:H40)=MAX(D40:H40),MAX(D40:H40)=1),"OK",IF(MIN(D40:H40)=0,"Not on all units","Duplicated")) -> OK
A41: entity:SSC_CHW_{H}_Return_Valve_Diff_Prs | B41: ref:hasExternalReference | C41: <blanknode> | D41: =COUNTIFS(SSC_Ontology_Ver0.5!$A$1423:$A$1572,SUBSTITUTE($A41,"{H}",D$29),SSC_Ontology_Ver0.5!$C$1423:$C$1572,$B41,SSC_Ontology_Ver0.5!$D$1423:$D$1572,SUBSTITUTE($C41,"{H}",D$29)) -> 1 | E41: =COUNTIFS(SSC_Ontology_Ver0.5!$A$1423:$A$1572,SUBSTITUTE($A41,"{H}",E$29),SSC_Ontology_Ver0.5!$C$1423:$C$1572,$B41,SSC_Ontology_Ver0.5!$D$1423:$D$1572,SUBSTITUTE($C41,"{H}",E$29)) -> 1 | F41: =COUNTIFS(SSC_Ontology_Ver0.5!$A$1423:$A$1572,SUBSTITUTE($A41,"{H}",F$29),SSC_Ontology_Ver0.5!$C$1423:$C$1572,$B41,SSC_Ontology_Ver0.5!$D$1423:$D$1572,SUBSTITUTE($C41,"{H}",F$29)) -> 1 | G41: =COUNTIFS(SSC_Ontology_Ver0.5!$A$1423:$A$1572,SUBSTITUTE($A41,"{H}",G$29),SSC_Ontology_Ver0.5!$C$1423:$C$1572,$B41,SSC_Ontology_Ver0.5!$D$1423:$D$1572,SUBSTITUTE($C41,"{H}",G$29)) -> 1 | H41: =COUNTIFS(SSC_Ontology_Ver0.5!$A$1423:$A$1572,SUBSTITUTE($A41,"{H}",H$29),SSC_Ontology_Ver0.5!$C$1423:$C$1572,$B41,SSC_Ontology_Ver0.5!$D$1423:$D$1572,SUBSTITUTE($C41,"{H}",H$29)) -> 1 | I41: =IF(AND(MIN(D41:H41)=MAX(D41:H41),MAX(D41:H41)=1),"OK",IF(MIN(D41:H41)=0,"Not on all units","Duplicated")) -> OK
... A61: entity:SSC_CHW_{H}_Supply_Valve_Temperature_Sensor | B61: ref:hasExternalReference | C61: <blanknode> | D61: =COUNTIFS(SSC_Ontology_Ver0.5!$A$1423:$A$1572,SUBSTITUTE($A61,"{H}",D$29),SSC_Ontology_Ver0.5!$C$1423:$C$1572,$B61,SSC_Ontology_Ver0.5!$D$1423:$D$1572,SUBSTITUTE($C61,"{H}",D$29)) -> 1 | E61: =COUNTIFS(SSC_Ontology_Ver0.5!$A$1423:$A$1572,SUBSTITUTE($A61,"{H}",E$29),SSC_Ontology_Ver0.5!$C$1423:$C$1572,$B61,SSC_Ontology_Ver0.5!$D$1423:$D$1572,SUBSTITUTE($C61,"{H}",E$29)) -> 1 | F61: =COUNTIFS(SSC_Ontology_Ver0.5!$A$1423:$A$1572,SUBSTITUTE($A61,"{H}",F$29),SSC_Ontology_Ver0.5!$C$1423:$C$1572,$B61,SSC_Ontology_Ver0.5!$D$1423:$D$1572,SUBSTITUTE($C61,"{H}",F$29)) -> 1 | G61: =COUNTIFS(SSC_Ontology_Ver0.5!$A$1423:$A$1572,SUBSTITUTE($A61,"{H}",G$29),SSC_Ontology_Ver0.5!$C$1423:$C$1572,$B61,SSC_Ontology_Ver0.5!$D$1423:$D$1572,SUBSTITUTE($C61,"{H}",G$29)) -> 1 | H61: =COUNTIFS(SSC_Ontology_Ver0.5!$A$1423:$A$1572,SUBSTITUTE($A61,"{H}",H$29),SSC_Ontology_Ver0.5!$C$1423:$C$1572,$B61,SSC_Ontology_Ver0.5!$D$1423:$D$1572,SUBSTITUTE($C61,"{H}",H$29)) -> 1 | I61: =IF(AND(MIN(D61:H61)=MAX(D61:H61),MAX(D61:H61)=1),"OK",IF(MIN(D61:H61)=0,"Not on all units","Duplicated")) -> OK

Sheet DX_Comparison
A1: DX Unit Ontology Consistency Check — SSC_DXB0001 to DXB0010
A2: Source: SSC_Ontology_Ver0.5!A1573:E1680 (108 triples). Relations normalised by replacing the DX id with {D}, then counted per unit. rec:locatedIn and rec:feeds are excluded from the pass/fail flag because both legitimately vary by room.
A4: 1. Triple count per DX unit
A5: Metric | B5: DXB0001 | C5: DXB0002 | D5: DXB0003 | E5: DXB0004 | F5: DXB0005 | G5: DXB0006 | H5: DXB0007 | I5: DXB0008 | J5: DXB0009 | K5: DXB0010 | L5: All equal?
A6: Rows in source | B6: =COUNTIF(SSC_Ontology_Ver0.5!$A$1573:$A$1680,"*"&"DXB0001"&"*") -> 10 | C6: =COUNTIF(SSC_Ontology_Ver0.5!$A$1573:$A$1680,"*"&"DXB0002"&"*") -> 10 | D6: =COUNTIF(SSC_Ontology_Ver0.5!$A$1573:$A$1680,"*"&"DXB0003"&"*") -> 10 | E6: =COUNTIF(SSC_Ontology_Ver0.5!$A$1573:$A$1680,"*"&"DXB0004"&"*") -> 10 | F6: =COUNTIF(SSC_Ontology_Ver0.5!$A$1573:$A$1680,"*"&"DXB0005"&"*") -> 10 | G6: =COUNTIF(SSC_Ontology_Ver0.5!$A$1573:$A$1680,"*"&"DXB0006"&"*") -> 10 | H6: =COUNTIF(SSC_Ontology_Ver0.5!$A$1573:$A$1680,"*"&"DXB0007"&"*") -> 12 | I6: =COUNTIF(SSC_Ontology_Ver0.5!$A$1573:$A$1680,"*"&"DXB0008"&"*") -> 12 | J6: =COUNTIF(SSC_Ontology_Ver0.5!$A$1573:$A$1680,"*"&"DXB0009"&"*") -> 12 | K6: =COUNTIF(SSC_Ontology_Ver0.5!$A$1573:$A$1680,"*"&"DXB0010"&"*") -> 12 | L6: =IF(MIN(B6:K6)=MAX(B6:K6),"YES","NO") -> NO
A7: Difference vs DXB0001 | B7: =0 -> 0 | C7: =C6-$B$6 -> 0 | D7: =D6-$B$6 -> 0 | E7: =E6-$B$6 -> 0 | F7: =F6-$B$6 -> 0 | G7: =G6-$B$6 -> 0 | H7: =H6-$B$6 -> 2 | I7: =I6-$B$6 -> 2 | J7: =J6-$B$6 -> 2 | K7: =K6-$B$6 -> 2
A9: 2. Findings
A10: Counts DO NOT match: DXB0001-DXB0006 have 10 rows each, DXB0007-DXB0010 have 12 — a 2-row difference.
A11: The entire difference is one point: DXB0007-DXB0010 carry a Humidity_Sensor (hasPoint + its ref:hasExternalReference). DXB0001-DXB0006 have no humidity point at all.
A12: This looks intentional rather than a defect: the four units with humidity sensing are the ones in FM STORAGE rooms (B1_019/020/021), while the six without are in the UPS and MV switch rooms. Worth confirming that storage rooms are meant to be humidity-monitored and the electrical rooms are not.
A13: Everything else is consistent: Temperature_Sensor, Alarm, Running_Status, isPartOf HVAC and the IFC external reference are present exactly once on all 10 units. Type columns show no inconsistencies.
A14: Observation: every unit's rec:feeds target is the SAME room as its rec:locatedIn target. If rec:feeds is meant to express which space the unit serves that is fine, but a unit feeding the room it sits in is worth a second look — see the breakdown in section 5.
A16: 3. Discrepancies — structural relations not present on every DX unit (location/feeds excluded)
A17: Subject pattern | B17: Predicate | C17: Object pattern | D17: DXB0001 | E17: DXB0002 | F17: DXB0003 | G17: DXB0004 | H17: DXB0005 | I17: DXB0006 | J17: DXB0007 | K17: DXB0008 | L17: DXB0009 | M17: DXB0010 | N17: Finding
A18: entity:SSC_{D} | B18: brick:hasPoint | C18: entity:SSC_{D}_Humidity_Sensor | D18: =COUNTIFS(SSC_Ontology_Ver0.5!$A$1573:$A$1680,SUBSTITUTE($A18,"{D}",D$17),SSC_Ontology_Ver0.5!$C$1573:$C$1680,$B18,SSC_Ontology_Ver0.5!$D$1573:$D$1680,SUBSTITUTE($C18,"{D}",D$17)) -> 0 | E18: =COUNTIFS(SSC_Ontology_Ver0.5!$A$1573:$A$1680,SUBSTITUTE($A18,"{D}",E$17),SSC_Ontology_Ver0.5!$C$1573:$C$1680,$B18,SSC_Ontology_Ver0.5!$D$1573:$D$1680,SUBSTITUTE($C18,"{D}",E$17)) -> 0 | F18: =COUNTIFS(SSC_Ontology_Ver0.5!$A$1573:$A$1680,SUBSTITUTE($A18,"{D}",F$17),SSC_Ontology_Ver0.5!$C$1573:$C$1680,$B18,SSC_Ontology_Ver0.5!$D$1573:$D$1680,SUBSTITUTE($C18,"{D}",F$17)) -> 0 | G18: =COUNTIFS(SSC_Ontology_Ver0.5!$A$1573:$A$1680,SUBSTITUTE($A18,"{D}",G$17),SSC_Ontology_Ver0.5!$C$1573:$C$1680,$B18,SSC_Ontology_Ver0.5!$D$1573:$D$1680,SUBSTITUTE($C18,"{D}",G$17)) -> 0 | H18: =COUNTIFS(SSC_Ontology_Ver0.5!$A$1573:$A$1680,SUBSTITUTE($A18,"{D}",H$17),SSC_Ontology_Ver0.5!$C$1573:$C$1680,$B18,SSC_Ontology_Ver0.5!$D$1573:$D$1680,SUBSTITUTE($C18,"{D}",H$17)) -> 0 | I18: =COUNTIFS(SSC_Ontology_Ver0.5!$A$1573:$A$1680,SUBSTITUTE($A18,"{D}",I$17),SSC_Ontology_Ver0.5!$C$1573:$C$1680,$B18,SSC_Ontology_Ver0.5!$D$1573:$D$1680,SUBSTITUTE($C18,"{D}",I$17)) -> 0 | J18: =COUNTIFS(SSC_Ontology_Ver0.5!$A$1573:$A$1680,SUBSTITUTE($A18,"{D}",J$17),SSC_Ontology_Ver0.5!$C$1573:$C$1680,$B18,SSC_Ontology_Ver0.5!$D$1573:$D$1680,SUBSTITUTE($C18,"{D}",J$17)) -> 1 | K18: =COUNTIFS(SSC_Ontology_Ver0.5!$A$1573:$A$1680,SUBSTITUTE($A18,"{D}",K$17),SSC_Ontology_Ver0.5!$C$1573:$C$1680,$B18,SSC_Ontology_Ver0.5!$D$1573:$D$1680,SUBSTITUTE($C18,"{D}",K$17)) -> 1 | ... M18: =COUNTIFS(SSC_Ontology_Ver0.5!$A$1573:$A$1680,SUBSTITUTE($A18,"{D}",M$17),SSC_Ontology_Ver0.5!$C$1573:$C$1680,$B18,SSC_Ontology_Ver0.5!$D$1573:$D$1680,SUBSTITUTE($C18,"{D}",M$17)) -> 1 | N18: MISSING on DXB0001-DXB0006 (likely intentional - see findings)
A19: entity:SSC_{D}_Humidity_Sensor | B19: ref:hasExternalReference | C19: <blanknode> | D19: =COUNTIFS(SSC_Ontology_Ver0.5!$A$1573:$A$1680,SUBSTITUTE($A19,"{D}",D$17),SSC_Ontology_Ver0.5!$C$1573:$C$1680,$B19,SSC_Ontology_Ver0.5!$D$1573:$D$1680,SUBSTITUTE($C19,"{D}",D$17)) -> 0 | E19: =COUNTIFS(SSC_Ontology_Ver0.5!$A$1573:$A$1680,SUBSTITUTE($A19,"{D}",E$17),SSC_Ontology_Ver0.5!$C$1573:$C$1680,$B19,SSC_Ontology_Ver0.5!$D$1573:$D$1680,SUBSTITUTE($C19,"{D}",E$17)) -> 0 | F19: =COUNTIFS(SSC_Ontology_Ver0.5!$A$1573:$A$1680,SUBSTITUTE($A19,"{D}",F$17),SSC_Ontology_Ver0.5!$C$1573:$C$1680,$B19,SSC_Ontology_Ver0.5!$D$1573:$D$1680,SUBSTITUTE($C19,"{D}",F$17)) -> 0 | G19: =COUNTIFS(SSC_Ontology_Ver0.5!$A$1573:$A$1680,SUBSTITUTE($A19,"{D}",G$17),SSC_Ontology_Ver0.5!$C$1573:$C$1680,$B19,SSC_Ontology_Ver0.5!$D$1573:$D$1680,SUBSTITUTE($C19,"{D}",G$17)) -> 0 | H19: =COUNTIFS(SSC_Ontology_Ver0.5!$A$1573:$A$1680,SUBSTITUTE($A19,"{D}",H$17),SSC_Ontology_Ver0.5!$C$1573:$C$1680,$B19,SSC_Ontology_Ver0.5!$D$1573:$D$1680,SUBSTITUTE($C19,"{D}",H$17)) -> 0 | I19: =COUNTIFS(SSC_Ontology_Ver0.5!$A$1573:$A$1680,SUBSTITUTE($A19,"{D}",I$17),SSC_Ontology_Ver0.5!$C$1573:$C$1680,$B19,SSC_Ontology_Ver0.5!$D$1573:$D$1680,SUBSTITUTE($C19,"{D}",I$17)) -> 0 | J19: =COUNTIFS(SSC_Ontology_Ver0.5!$A$1573:$A$1680,SUBSTITUTE($A19,"{D}",J$17),SSC_Ontology_Ver0.5!$C$1573:$C$1680,$B19,SSC_Ontology_Ver0.5!$D$1573:$D$1680,SUBSTITUTE($C19,"{D}",J$17)) -> 1 | K19: =COUNTIFS(SSC_Ontology_Ver0.5!$A$1573:$A$1680,SUBSTITUTE($A19,"{D}",K$17),SSC_Ontology_Ver0.5!$C$1573:$C$1680,$B19,SSC_Ontology_Ver0.5!$D$1573:$D$1680,SUBSTITUTE($C19,"{D}",K$17)) -> 1 | ... M19: =COUNTIFS(SSC_Ontology_Ver0.5!$A$1573:$A$1680,SUBSTITUTE($A19,"{D}",M$17),SSC_Ontology_Ver0.5!$C$1573:$C$1680,$B19,SSC_Ontology_Ver0.5!$D$1573:$D$1680,SUBSTITUTE($C19,"{D}",M$17)) -> 1 | N19: MISSING on DXB0001-DXB0006 (entity absent)
A21: 4. Full relation matrix — every unique DX relation pattern and its count per unit
A22: Subject pattern | B22: Predicate | C22: Object pattern | D22: DXB0001 | E22: DXB0002 | F22: DXB0003 | G22: DXB0004 | H22: DXB0005 | I22: DXB0006 | J22: DXB0007 | K22: DXB0008 | L22: DXB0009 | M22: DXB0010 | N22: Status
A23: entity:SSC_{D} | B23: brick:hasPoint | C23: entity:SSC_{D}_Temperature_Sensor | D23: =COUNTIFS(SSC_Ontology_Ver0.5!$A$1573:$A$1680,SUBSTITUTE($A23,"{D}",D$22),SSC_Ontology_Ver0.5!$C$1573:$C$1680,$B23,SSC_Ontology_Ver0.5!$D$1573:$D$1680,SUBSTITUTE($C23,"{D}",D$22)) -> 1 | E23: =COUNTIFS(SSC_Ontology_Ver0.5!$A$1573:$A$1680,SUBSTITUTE($A23,"{D}",E$22),SSC_Ontology_Ver0.5!$C$1573:$C$1680,$B23,SSC_Ontology_Ver0.5!$D$1573:$D$1680,SUBSTITUTE($C23,"{D}",E$22)) -> 1 | F23: =COUNTIFS(SSC_Ontology_Ver0.5!$A$1573:$A$1680,SUBSTITUTE($A23,"{D}",F$22),SSC_Ontology_Ver0.5!$C$1573:$C$1680,$B23,SSC_Ontology_Ver0.5!$D$1573:$D$1680,SUBSTITUTE($C23,"{D}",F$22)) -> 1 | G23: =COUNTIFS(SSC_Ontology_Ver0.5!$A$1573:$A$1680,SUBSTITUTE($A23,"{D}",G$22),SSC_Ontology_Ver0.5!$C$1573:$C$1680,$B23,SSC_Ontology_Ver0.5!$D$1573:$D$1680,SUBSTITUTE($C23,"{D}",G$22)) -> 1 | H23: =COUNTIFS(SSC_Ontology_Ver0.5!$A$1573:$A$1680,SUBSTITUTE($A23,"{D}",H$22),SSC_Ontology_Ver0.5!$C$1573:$C$1680,$B23,SSC_Ontology_Ver0.5!$D$1573:$D$1680,SUBSTITUTE($C23,"{D}",H$22)) -> 1 | I23: =COUNTIFS(SSC_Ontology_Ver0.5!$A$1573:$A$1680,SUBSTITUTE($A23,"{D}",I$22),SSC_Ontology_Ver0.5!$C$1573:$C$1680,$B23,SSC_Ontology_Ver0.5!$D$1573:$D$1680,SUBSTITUTE($C23,"{D}",I$22)) -> 1 | J23: =COUNTIFS(SSC_Ontology_Ver0.5!$A$1573:$A$1680,SUBSTITUTE($A23,"{D}",J$22),SSC_Ontology_Ver0.5!$C$1573:$C$1680,$B23,SSC_Ontology_Ver0.5!$D$1573:$D$1680,SUBSTITUTE($C23,"{D}",J$22)) -> 1 | K23: =COUNTIFS(SSC_Ontology_Ver0.5!$A$1573:$A$1680,SUBSTITUTE($A23,"{D}",K$22),SSC_Ontology_Ver0.5!$C$1573:$C$1680,$B23,SSC_Ontology_Ver0.5!$D$1573:$D$1680,SUBSTITUTE($C23,"{D}",K$22)) -> 1 | ... M23: =COUNTIFS(SSC_Ontology_Ver0.5!$A$1573:$A$1680,SUBSTITUTE($A23,"{D}",M$22),SSC_Ontology_Ver0.5!$C$1573:$C$1680,$B23,SSC_Ontology_Ver0.5!$D$1573:$D$1680,SUBSTITUTE($C23,"{D}",M$22)) -> 1 | N23: =IF(OR($B23="rec:locatedIn",$B23="rec:feeds"),"Excluded - varies by room",IF(AND(MIN(D23:M23)=MAX(D23:M23),MAX(D23:M23)=1),"OK",IF(MIN(D23:M23)=0,"Not on all units","Duplicated"))) -> OK
A24: entity:SSC_{D} | B24: brick:hasPoint | C24: entity:SSC_{D}_Alarm | D24: =COUNTIFS(SSC_Ontology_Ver0.5!$A$1573:$A$1680,SUBSTITUTE($A24,"{D}",D$22),SSC_Ontology_Ver0.5!$C$1573:$C$1680,$B24,SSC_Ontology_Ver0.5!$D$1573:$D$1680,SUBSTITUTE($C24,"{D}",D$22)) -> 1 | E24: =COUNTIFS(SSC_Ontology_Ver0.5!$A$1573:$A$1680,SUBSTITUTE($A24,"{D}",E$22),SSC_Ontology_Ver0.5!$C$1573:$C$1680,$B24,SSC_Ontology_Ver0.5!$D$1573:$D$1680,SUBSTITUTE($C24,"{D}",E$22)) -> 1 | F24: =COUNTIFS(SSC_Ontology_Ver0.5!$A$1573:$A$1680,SUBSTITUTE($A24,"{D}",F$22),SSC_Ontology_Ver0.5!$C$1573:$C$1680,$B24,SSC_Ontology_Ver0.5!$D$1573:$D$1680,SUBSTITUTE($C24,"{D}",F$22)) -> 1 | G24: =COUNTIFS(SSC_Ontology_Ver0.5!$A$1573:$A$1680,SUBSTITUTE($A24,"{D}",G$22),SSC_Ontology_Ver0.5!$C$1573:$C$1680,$B24,SSC_Ontology_Ver0.5!$D$1573:$D$1680,SUBSTITUTE($C24,"{D}",G$22)) -> 1 | H24: =COUNTIFS(SSC_Ontology_Ver0.5!$A$1573:$A$1680,SUBSTITUTE($A24,"{D}",H$22),SSC_Ontology_Ver0.5!$C$1573:$C$1680,$B24,SSC_Ontology_Ver0.5!$D$1573:$D$1680,SUBSTITUTE($C24,"{D}",H$22)) -> 1 | I24: =COUNTIFS(SSC_Ontology_Ver0.5!$A$1573:$A$1680,SUBSTITUTE($A24,"{D}",I$22),SSC_Ontology_Ver0.5!$C$1573:$C$1680,$B24,SSC_Ontology_Ver0.5!$D$1573:$D$1680,SUBSTITUTE($C24,"{D}",I$22)) -> 1 | J24: =COUNTIFS(SSC_Ontology_Ver0.5!$A$1573:$A$1680,SUBSTITUTE($A24,"{D}",J$22),SSC_Ontology_Ver0.5!$C$1573:$C$1680,$B24,SSC_Ontology_Ver0.5!$D$1573:$D$1680,SUBSTITUTE($C24,"{D}",J$22)) -> 1 | K24: =COUNTIFS(SSC_Ontology_Ver0.5!$A$1573:$A$1680,SUBSTITUTE($A24,"{D}",K$22),SSC_Ontology_Ver0.5!$C$1573:$C$1680,$B24,SSC_Ontology_Ver0.5!$D$1573:$D$1680,SUBSTITUTE($C24,"{D}",K$22)) -> 1 | ... M24: =COUNTIFS(SSC_Ontology_Ver0.5!$A$1573:$A$1680,SUBSTITUTE($A24,"{D}",M$22),SSC_Ontology_Ver0.5!$C$1573:$C$1680,$B24,SSC_Ontology_Ver0.5!$D$1573:$D$1680,SUBSTITUTE($C24,"{D}",M$22)) -> 1 | N24: =IF(OR($B24="rec:locatedIn",$B24="rec:feeds"),"Excluded - varies by room",IF(AND(MIN(D24:M24)=MAX(D24:M24),MAX(D24:M24)=1),"OK",IF(MIN(D24:M24)=0,"Not on all units","Duplicated"))) -> OK
A25: entity:SSC_{D} | B25: brick:hasPoint | C25: entity:SSC_{D}_Running_Status | D25: =COUNTIFS(SSC_Ontology_Ver0.5!$A$1573:$A$1680,SUBSTITUTE($A25,"{D}",D$22),SSC_Ontology_Ver0.5!$C$1573:$C$1680,$B25,SSC_Ontology_Ver0.5!$D$1573:$D$1680,SUBSTITUTE($C25,"{D}",D$22)) -> 1 | E25: =COUNTIFS(SSC_Ontology_Ver0.5!$A$1573:$A$1680,SUBSTITUTE($A25,"{D}",E$22),SSC_Ontology_Ver0.5!$C$1573:$C$1680,$B25,SSC_Ontology_Ver0.5!$D$1573:$D$1680,SUBSTITUTE($C25,"{D}",E$22)) -> 1 | F25: =COUNTIFS(SSC_Ontology_Ver0.5!$A$1573:$A$1680,SUBSTITUTE($A25,"{D}",F$22),SSC_Ontology_Ver0.5!$C$1573:$C$1680,$B25,SSC_Ontology_Ver0.5!$D$1573:$D$1680,SUBSTITUTE($C25,"{D}",F$22)) -> 1 | G25: =COUNTIFS(SSC_Ontology_Ver0.5!$A$1573:$A$1680,SUBSTITUTE($A25,"{D}",G$22),SSC_Ontology_Ver0.5!$C$1573:$C$1680,$B25,SSC_Ontology_Ver0.5!$D$1573:$D$1680,SUBSTITUTE($C25,"{D}",G$22)) -> 1 | H25: =COUNTIFS(SSC_Ontology_Ver0.5!$A$1573:$A$1680,SUBSTITUTE($A25,"{D}",H$22),SSC_Ontology_Ver0.5!$C$1573:$C$1680,$B25,SSC_Ontology_Ver0.5!$D$1573:$D$1680,SUBSTITUTE($C25,"{D}",H$22)) -> 1 | I25: =COUNTIFS(SSC_Ontology_Ver0.5!$A$1573:$A$1680,SUBSTITUTE($A25,"{D}",I$22),SSC_Ontology_Ver0.5!$C$1573:$C$1680,$B25,SSC_Ontology_Ver0.5!$D$1573:$D$1680,SUBSTITUTE($C25,"{D}",I$22)) -> 1 | J25: =COUNTIFS(SSC_Ontology_Ver0.5!$A$1573:$A$1680,SUBSTITUTE($A25,"{D}",J$22),SSC_Ontology_Ver0.5!$C$1573:$C$1680,$B25,SSC_Ontology_Ver0.5!$D$1573:$D$1680,SUBSTITUTE($C25,"{D}",J$22)) -> 1 | K25: =COUNTIFS(SSC_Ontology_Ver0.5!$A$1573:$A$1680,SUBSTITUTE($A25,"{D}",K$22),SSC_Ontology_Ver0.5!$C$1573:$C$1680,$B25,SSC_Ontology_Ver0.5!$D$1573:$D$1680,SUBSTITUTE($C25,"{D}",K$22)) -> 1 | ... M25: =COUNTIFS(SSC_Ontology_Ver0.5!$A$1573:$A$1680,SUBSTITUTE($A25,"{D}",M$22),SSC_Ontology_Ver0.5!$C$1573:$C$1680,$B25,SSC_Ontology_Ver0.5!$D$1573:$D$1680,SUBSTITUTE($C25,"{D}",M$22)) -> 1 | N25: =IF(OR($B25="rec:locatedIn",$B25="rec:feeds"),"Excluded - varies by room",IF(AND(MIN(D25:M25)=MAX(D25:M25),MAX(D25:M25)=1),"OK",IF(MIN(D25:M25)=0,"Not on all units","Duplicated"))) -> OK
A26: entity:SSC_{D} | B26: brick:hasPoint | C26: entity:SSC_{D}_Humidity_Sensor | D26: =COUNTIFS(SSC_Ontology_Ver0.5!$A$1573:$A$1680,SUBSTITUTE($A26,"{D}",D$22),SSC_Ontology_Ver0.5!$C$1573:$C$1680,$B26,SSC_Ontology_Ver0.5!$D$1573:$D$1680,SUBSTITUTE($C26,"{D}",D$22)) -> 0 | E26: =COUNTIFS(SSC_Ontology_Ver0.5!$A$1573:$A$1680,SUBSTITUTE($A26,"{D}",E$22),SSC_Ontology_Ver0.5!$C$1573:$C$1680,$B26,SSC_Ontology_Ver0.5!$D$1573:$D$1680,SUBSTITUTE($C26,"{D}",E$22)) -> 0 | F26: =COUNTIFS(SSC_Ontology_Ver0.5!$A$1573:$A$1680,SUBSTITUTE($A26,"{D}",F$22),SSC_Ontology_Ver0.5!$C$1573:$C$1680,$B26,SSC_Ontology_Ver0.5!$D$1573:$D$1680,SUBSTITUTE($C26,"{D}",F$22)) -> 0 | G26: =COUNTIFS(SSC_Ontology_Ver0.5!$A$1573:$A$1680,SUBSTITUTE($A26,"{D}",G$22),SSC_Ontology_Ver0.5!$C$1573:$C$1680,$B26,SSC_Ontology_Ver0.5!$D$1573:$D$1680,SUBSTITUTE($C26,"{D}",G$22)) -> 0 | H26: =COUNTIFS(SSC_Ontology_Ver0.5!$A$1573:$A$1680,SUBSTITUTE($A26,"{D}",H$22),SSC_Ontology_Ver0.5!$C$1573:$C$1680,$B26,SSC_Ontology_Ver0.5!$D$1573:$D$1680,SUBSTITUTE($C26,"{D}",H$22)) -> 0 | I26: =COUNTIFS(SSC_Ontology_Ver0.5!$A$1573:$A$1680,SUBSTITUTE($A26,"{D}",I$22),SSC_Ontology_Ver0.5!$C$1573:$C$1680,$B26,SSC_Ontology_Ver0.5!$D$1573:$D$1680,SUBSTITUTE($C26,"{D}",I$22)) -> 0 | J26: =COUNTIFS(SSC_Ontology_Ver0.5!$A$1573:$A$1680,SUBSTITUTE($A26,"{D}",J$22),SSC_Ontology_Ver0.5!$C$1573:$C$1680,$B26,SSC_Ontology_Ver0.5!$D$1573:$D$1680,SUBSTITUTE($C26,"{D}",J$22)) -> 1 | K26: =COUNTIFS(SSC_Ontology_Ver0.5!$A$1573:$A$1680,SUBSTITUTE($A26,"{D}",K$22),SSC_Ontology_Ver0.5!$C$1573:$C$1680,$B26,SSC_Ontology_Ver0.5!$D$1573:$D$1680,SUBSTITUTE($C26,"{D}",K$22)) -> 1 | ... M26: =COUNTIFS(SSC_Ontology_Ver0.5!$A$1573:$A$1680,SUBSTITUTE($A26,"{D}",M$22),SSC_Ontology_Ver0.5!$C$1573:$C$1680,$B26,SSC_Ontology_Ver0.5!$D$1573:$D$1680,SUBSTITUTE($C26,"{D}",M$22)) -> 1 | N26: =IF(OR($B26="rec:locatedIn",$B26="rec:feeds"),"Excluded - varies by room",IF(AND(MIN(D26:M26)=MAX(D26:M26),MAX(D26:M26)=1),"OK",IF(MIN(D26:M26)=0,"Not on all units","Duplicated"))) -> Not on all units
A27: entity:SSC_{D} | B27: brick:isPartOf | C27: entity:HVAC | D27: =COUNTIFS(SSC_Ontology_Ver0.5!$A$1573:$A$1680,SUBSTITUTE($A27,"{D}",D$22),SSC_Ontology_Ver0.5!$C$1573:$C$1680,$B27,SSC_Ontology_Ver0.5!$D$1573:$D$1680,SUBSTITUTE($C27,"{D}",D$22)) -> 1 | E27: =COUNTIFS(SSC_Ontology_Ver0.5!$A$1573:$A$1680,SUBSTITUTE($A27,"{D}",E$22),SSC_Ontology_Ver0.5!$C$1573:$C$1680,$B27,SSC_Ontology_Ver0.5!$D$1573:$D$1680,SUBSTITUTE($C27,"{D}",E$22)) -> 1 | F27: =COUNTIFS(SSC_Ontology_Ver0.5!$A$1573:$A$1680,SUBSTITUTE($A27,"{D}",F$22),SSC_Ontology_Ver0.5!$C$1573:$C$1680,$B27,SSC_Ontology_Ver0.5!$D$1573:$D$1680,SUBSTITUTE($C27,"{D}",F$22)) -> 1 | G27: =COUNTIFS(SSC_Ontology_Ver0.5!$A$1573:$A$1680,SUBSTITUTE($A27,"{D}",G$22),SSC_Ontology_Ver0.5!$C$1573:$C$1680,$B27,SSC_Ontology_Ver0.5!$D$1573:$D$1680,SUBSTITUTE($C27,"{D}",G$22)) -> 1 | H27: =COUNTIFS(SSC_Ontology_Ver0.5!$A$1573:$A$1680,SUBSTITUTE($A27,"{D}",H$22),SSC_Ontology_Ver0.5!$C$1573:$C$1680,$B27,SSC_Ontology_Ver0.5!$D$1573:$D$1680,SUBSTITUTE($C27,"{D}",H$22)) -> 1 | I27: =COUNTIFS(SSC_Ontology_Ver0.5!$A$1573:$A$1680,SUBSTITUTE($A27,"{D}",I$22),SSC_Ontology_Ver0.5!$C$1573:$C$1680,$B27,SSC_Ontology_Ver0.5!$D$1573:$D$1680,SUBSTITUTE($C27,"{D}",I$22)) -> 1 | J27: =COUNTIFS(SSC_Ontology_Ver0.5!$A$1573:$A$1680,SUBSTITUTE($A27,"{D}",J$22),SSC_Ontology_Ver0.5!$C$1573:$C$1680,$B27,SSC_Ontology_Ver0.5!$D$1573:$D$1680,SUBSTITUTE($C27,"{D}",J$22)) -> 1 | K27: =COUNTIFS(SSC_Ontology_Ver0.5!$A$1573:$A$1680,SUBSTITUTE($A27,"{D}",K$22),SSC_Ontology_Ver0.5!$C$1573:$C$1680,$B27,SSC_Ontology_Ver0.5!$D$1573:$D$1680,SUBSTITUTE($C27,"{D}",K$22)) -> 1 | ... M27: =COUNTIFS(SSC_Ontology_Ver0.5!$A$1573:$A$1680,SUBSTITUTE($A27,"{D}",M$22),SSC_Ontology_Ver0.5!$C$1573:$C$1680,$B27,SSC_Ontology_Ver0.5!$D$1573:$D$1680,SUBSTITUTE($C27,"{D}",M$22)) -> 1 | N27: =IF(OR($B27="rec:locatedIn",$B27="rec:feeds"),"Excluded - varies by room",IF(AND(MIN(D27:M27)=MAX(D27:M27),MAX(D27:M27)=1),"OK",IF(MIN(D27:M27)=0,"Not on all units","Duplicated"))) -> OK
A28: entity:SSC_{D} | B28: ref:hasExternalReference | C28: <blanknode> | D28: =COUNTIFS(SSC_Ontology_Ver0.5!$A$1573:$A$1680,SUBSTITUTE($A28,"{D}",D$22),SSC_Ontology_Ver0.5!$C$1573:$C$1680,$B28,SSC_Ontology_Ver0.5!$D$1573:$D$1680,SUBSTITUTE($C28,"{D}",D$22)) -> 1 | E28: =COUNTIFS(SSC_Ontology_Ver0.5!$A$1573:$A$1680,SUBSTITUTE($A28,"{D}",E$22),SSC_Ontology_Ver0.5!$C$1573:$C$1680,$B28,SSC_Ontology_Ver0.5!$D$1573:$D$1680,SUBSTITUTE($C28,"{D}",E$22)) -> 1 | F28: =COUNTIFS(SSC_Ontology_Ver0.5!$A$1573:$A$1680,SUBSTITUTE($A28,"{D}",F$22),SSC_Ontology_Ver0.5!$C$1573:$C$1680,$B28,SSC_Ontology_Ver0.5!$D$1573:$D$1680,SUBSTITUTE($C28,"{D}",F$22)) -> 1 | G28: =COUNTIFS(SSC_Ontology_Ver0.5!$A$1573:$A$1680,SUBSTITUTE($A28,"{D}",G$22),SSC_Ontology_Ver0.5!$C$1573:$C$1680,$B28,SSC_Ontology_Ver0.5!$D$1573:$D$1680,SUBSTITUTE($C28,"{D}",G$22)) -> 1 | H28: =COUNTIFS(SSC_Ontology_Ver0.5!$A$1573:$A$1680,SUBSTITUTE($A28,"{D}",H$22),SSC_Ontology_Ver0.5!$C$1573:$C$1680,$B28,SSC_Ontology_Ver0.5!$D$1573:$D$1680,SUBSTITUTE($C28,"{D}",H$22)) -> 1 | I28: =COUNTIFS(SSC_Ontology_Ver0.5!$A$1573:$A$1680,SUBSTITUTE($A28,"{D}",I$22),SSC_Ontology_Ver0.5!$C$1573:$C$1680,$B28,SSC_Ontology_Ver0.5!$D$1573:$D$1680,SUBSTITUTE($C28,"{D}",I$22)) -> 1 | J28: =COUNTIFS(SSC_Ontology_Ver0.5!$A$1573:$A$1680,SUBSTITUTE($A28,"{D}",J$22),SSC_Ontology_Ver0.5!$C$1573:$C$1680,$B28,SSC_Ontology_Ver0.5!$D$1573:$D$1680,SUBSTITUTE($C28,"{D}",J$22)) -> 1 | K28: =COUNTIFS(SSC_Ontology_Ver0.5!$A$1573:$A$1680,SUBSTITUTE($A28,"{D}",K$22),SSC_Ontology_Ver0.5!$C$1573:$C$1680,$B28,SSC_Ontology_Ver0.5!$D$1573:$D$1680,SUBSTITUTE($C28,"{D}",K$22)) -> 1 | ... M28: =COUNTIFS(SSC_Ontology_Ver0.5!$A$1573:$A$1680,SUBSTITUTE($A28,"{D}",M$22),SSC_Ontology_Ver0.5!$C$1573:$C$1680,$B28,SSC_Ontology_Ver0.5!$D$1573:$D$1680,SUBSTITUTE($C28,"{D}",M$22)) -> 1 | N28: =IF(OR($B28="rec:locatedIn",$B28="rec:feeds"),"Excluded - varies by room",IF(AND(MIN(D28:M28)=MAX(D28:M28),MAX(D28:M28)=1),"OK",IF(MIN(D28:M28)=0,"Not on all units","Duplicated"))) -> OK
A29: entity:SSC_{D}_Alarm | B29: ref:hasExternalReference | C29: <blanknode> | D29: =COUNTIFS(SSC_Ontology_Ver0.5!$A$1573:$A$1680,SUBSTITUTE($A29,"{D}",D$22),SSC_Ontology_Ver0.5!$C$1573:$C$1680,$B29,SSC_Ontology_Ver0.5!$D$1573:$D$1680,SUBSTITUTE($C29,"{D}",D$22)) -> 1 | E29: =COUNTIFS(SSC_Ontology_Ver0.5!$A$1573:$A$1680,SUBSTITUTE($A29,"{D}",E$22),SSC_Ontology_Ver0.5!$C$1573:$C$1680,$B29,SSC_Ontology_Ver0.5!$D$1573:$D$1680,SUBSTITUTE($C29,"{D}",E$22)) -> 1 | F29: =COUNTIFS(SSC_Ontology_Ver0.5!$A$1573:$A$1680,SUBSTITUTE($A29,"{D}",F$22),SSC_Ontology_Ver0.5!$C$1573:$C$1680,$B29,SSC_Ontology_Ver0.5!$D$1573:$D$1680,SUBSTITUTE($C29,"{D}",F$22)) -> 1 | G29: =COUNTIFS(SSC_Ontology_Ver0.5!$A$1573:$A$1680,SUBSTITUTE($A29,"{D}",G$22),SSC_Ontology_Ver0.5!$C$1573:$C$1680,$B29,SSC_Ontology_Ver0.5!$D$1573:$D$1680,SUBSTITUTE($C29,"{D}",G$22)) -> 1 | H29: =COUNTIFS(SSC_Ontology_Ver0.5!$A$1573:$A$1680,SUBSTITUTE($A29,"{D}",H$22),SSC_Ontology_Ver0.5!$C$1573:$C$1680,$B29,SSC_Ontology_Ver0.5!$D$1573:$D$1680,SUBSTITUTE($C29,"{D}",H$22)) -> 1 | I29: =COUNTIFS(SSC_Ontology_Ver0.5!$A$1573:$A$1680,SUBSTITUTE($A29,"{D}",I$22),SSC_Ontology_Ver0.5!$C$1573:$C$1680,$B29,SSC_Ontology_Ver0.5!$D$1573:$D$1680,SUBSTITUTE($C29,"{D}",I$22)) -> 1 | J29: =COUNTIFS(SSC_Ontology_Ver0.5!$A$1573:$A$1680,SUBSTITUTE($A29,"{D}",J$22),SSC_Ontology_Ver0.5!$C$1573:$C$1680,$B29,SSC_Ontology_Ver0.5!$D$1573:$D$1680,SUBSTITUTE($C29,"{D}",J$22)) -> 1 | K29: =COUNTIFS(SSC_Ontology_Ver0.5!$A$1573:$A$1680,SUBSTITUTE($A29,"{D}",K$22),SSC_Ontology_Ver0.5!$C$1573:$C$1680,$B29,SSC_Ontology_Ver0.5!$D$1573:$D$1680,SUBSTITUTE($C29,"{D}",K$22)) -> 1 | ... M29: =COUNTIFS(SSC_Ontology_Ver0.5!$A$1573:$A$1680,SUBSTITUTE($A29,"{D}",M$22),SSC_Ontology_Ver0.5!$C$1573:$C$1680,$B29,SSC_Ontology_Ver0.5!$D$1573:$D$1680,SUBSTITUTE($C29,"{D}",M$22)) -> 1 | N29: =IF(OR($B29="rec:locatedIn",$B29="rec:feeds"),"Excluded - varies by room",IF(AND(MIN(D29:M29)=MAX(D29:M29),MAX(D29:M29)=1),"OK",IF(MIN(D29:M29)=0,"Not on all units","Duplicated"))) -> OK
A30: entity:SSC_{D}_Running_Status | B30: ref:hasExternalReference | C30: <blanknode> | D30: =COUNTIFS(SSC_Ontology_Ver0.5!$A$1573:$A$1680,SUBSTITUTE($A30,"{D}",D$22),SSC_Ontology_Ver0.5!$C$1573:$C$1680,$B30,SSC_Ontology_Ver0.5!$D$1573:$D$1680,SUBSTITUTE($C30,"{D}",D$22)) -> 1 | E30: =COUNTIFS(SSC_Ontology_Ver0.5!$A$1573:$A$1680,SUBSTITUTE($A30,"{D}",E$22),SSC_Ontology_Ver0.5!$C$1573:$C$1680,$B30,SSC_Ontology_Ver0.5!$D$1573:$D$1680,SUBSTITUTE($C30,"{D}",E$22)) -> 1 | F30: =COUNTIFS(SSC_Ontology_Ver0.5!$A$1573:$A$1680,SUBSTITUTE($A30,"{D}",F$22),SSC_Ontology_Ver0.5!$C$1573:$C$1680,$B30,SSC_Ontology_Ver0.5!$D$1573:$D$1680,SUBSTITUTE($C30,"{D}",F$22)) -> 1 | G30: =COUNTIFS(SSC_Ontology_Ver0.5!$A$1573:$A$1680,SUBSTITUTE($A30,"{D}",G$22),SSC_Ontology_Ver0.5!$C$1573:$C$1680,$B30,SSC_Ontology_Ver0.5!$D$1573:$D$1680,SUBSTITUTE($C30,"{D}",G$22)) -> 1 | H30: =COUNTIFS(SSC_Ontology_Ver0.5!$A$1573:$A$1680,SUBSTITUTE($A30,"{D}",H$22),SSC_Ontology_Ver0.5!$C$1573:$C$1680,$B30,SSC_Ontology_Ver0.5!$D$1573:$D$1680,SUBSTITUTE($C30,"{D}",H$22)) -> 1 | I30: =COUNTIFS(SSC_Ontology_Ver0.5!$A$1573:$A$1680,SUBSTITUTE($A30,"{D}",I$22),SSC_Ontology_Ver0.5!$C$1573:$C$1680,$B30,SSC_Ontology_Ver0.5!$D$1573:$D$1680,SUBSTITUTE($C30,"{D}",I$22)) -> 1 | J30: =COUNTIFS(SSC_Ontology_Ver0.5!$A$1573:$A$1680,SUBSTITUTE($A30,"{D}",J$22),SSC_Ontology_Ver0.5!$C$1573:$C$1680,$B30,SSC_Ontology_Ver0.5!$D$1573:$D$1680,SUBSTITUTE($C30,"{D}",J$22)) -> 1 | K30: =COUNTIFS(SSC_Ontology_Ver0.5!$A$1573:$A$1680,SUBSTITUTE($A30,"{D}",K$22),SSC_Ontology_Ver0.5!$C$1573:$C$1680,$B30,SSC_Ontology_Ver0.5!$D$1573:$D$1680,SUBSTITUTE($C30,"{D}",K$22)) -> 1 | ... M30: =COUNTIFS(SSC_Ontology_Ver0.5!$A$1573:$A$1680,SUBSTITUTE($A30,"{D}",M$22),SSC_Ontology_Ver0.5!$C$1573:$C$1680,$B30,SSC_Ontology_Ver0.5!$D$1573:$D$1680,SUBSTITUTE($C30,"{D}",M$22)) -> 1 | N30: =IF(OR($B30="rec:locatedIn",$B30="rec:feeds"),"Excluded - varies by room",IF(AND(MIN(D30:M30)=MAX(D30:M30),MAX(D30:M30)=1),"OK",IF(MIN(D30:M30)=0,"Not on all units","Duplicated"))) -> OK
A31: entity:SSC_{D}_Temperature_Sensor | B31: ref:hasExternalReference | C31: <blanknode> | D31: =COUNTIFS(SSC_Ontology_Ver0.5!$A$1573:$A$1680,SUBSTITUTE($A31,"{D}",D$22),SSC_Ontology_Ver0.5!$C$1573:$C$1680,$B31,SSC_Ontology_Ver0.5!$D$1573:$D$1680,SUBSTITUTE($C31,"{D}",D$22)) -> 1 | E31: =COUNTIFS(SSC_Ontology_Ver0.5!$A$1573:$A$1680,SUBSTITUTE($A31,"{D}",E$22),SSC_Ontology_Ver0.5!$C$1573:$C$1680,$B31,SSC_Ontology_Ver0.5!$D$1573:$D$1680,SUBSTITUTE($C31,"{D}",E$22)) -> 1 | F31: =COUNTIFS(SSC_Ontology_Ver0.5!$A$1573:$A$1680,SUBSTITUTE($A31,"{D}",F$22),SSC_Ontology_Ver0.5!$C$1573:$C$1680,$B31,SSC_Ontology_Ver0.5!$D$1573:$D$1680,SUBSTITUTE($C31,"{D}",F$22)) -> 1 | G31: =COUNTIFS(SSC_Ontology_Ver0.5!$A$1573:$A$1680,SUBSTITUTE($A31,"{D}",G$22),SSC_Ontology_Ver0.5!$C$1573:$C$1680,$B31,SSC_Ontology_Ver0.5!$D$1573:$D$1680,SUBSTITUTE($C31,"{D}",G$22)) -> 1 | H31: =COUNTIFS(SSC_Ontology_Ver0.5!$A$1573:$A$1680,SUBSTITUTE($A31,"{D}",H$22),SSC_Ontology_Ver0.5!$C$1573:$C$1680,$B31,SSC_Ontology_Ver0.5!$D$1573:$D$1680,SUBSTITUTE($C31,"{D}",H$22)) -> 1 | I31: =COUNTIFS(SSC_Ontology_Ver0.5!$A$1573:$A$1680,SUBSTITUTE($A31,"{D}",I$22),SSC_Ontology_Ver0.5!$C$1573:$C$1680,$B31,SSC_Ontology_Ver0.5!$D$1573:$D$1680,SUBSTITUTE($C31,"{D}",I$22)) -> 1 | J31: =COUNTIFS(SSC_Ontology_Ver0.5!$A$1573:$A$1680,SUBSTITUTE($A31,"{D}",J$22),SSC_Ontology_Ver0.5!$C$1573:$C$1680,$B31,SSC_Ontology_Ver0.5!$D$1573:$D$1680,SUBSTITUTE($C31,"{D}",J$22)) -> 1 | K31: =COUNTIFS(SSC_Ontology_Ver0.5!$A$1573:$A$1680,SUBSTITUTE($A31,"{D}",K$22),SSC_Ontology_Ver0.5!$C$1573:$C$1680,$B31,SSC_Ontology_Ver0.5!$D$1573:$D$1680,SUBSTITUTE($C31,"{D}",K$22)) -> 1 | ... M31: =COUNTIFS(SSC_Ontology_Ver0.5!$A$1573:$A$1680,SUBSTITUTE($A31,"{D}",M$22),SSC_Ontology_Ver0.5!$C$1573:$C$1680,$B31,SSC_Ontology_Ver0.5!$D$1573:$D$1680,SUBSTITUTE($C31,"{D}",M$22)) -> 1 | N31: =IF(OR($B31="rec:locatedIn",$B31="rec:feeds"),"Excluded - varies by room",IF(AND(MIN(D31:M31)=MAX(D31:M31),MAX(D31:M31)=1),"OK",IF(MIN(D31:M31)=0,"Not on all units","Duplicated"))) -> OK
A32: entity:SSC_{D}_Humidity_Sensor | B32: ref:hasExternalReference | C32: <blanknode> | D32: =COUNTIFS(SSC_Ontology_Ver0.5!$A$1573:$A$1680,SUBSTITUTE($A32,"{D}",D$22),SSC_Ontology_Ver0.5!$C$1573:$C$1680,$B32,SSC_Ontology_Ver0.5!$D$1573:$D$1680,SUBSTITUTE($C32,"{D}",D$22)) -> 0 | E32: =COUNTIFS(SSC_Ontology_Ver0.5!$A$1573:$A$1680,SUBSTITUTE($A32,"{D}",E$22),SSC_Ontology_Ver0.5!$C$1573:$C$1680,$B32,SSC_Ontology_Ver0.5!$D$1573:$D$1680,SUBSTITUTE($C32,"{D}",E$22)) -> 0 | F32: =COUNTIFS(SSC_Ontology_Ver0.5!$A$1573:$A$1680,SUBSTITUTE($A32,"{D}",F$22),SSC_Ontology_Ver0.5!$C$1573:$C$1680,$B32,SSC_Ontology_Ver0.5!$D$1573:$D$1680,SUBSTITUTE($C32,"{D}",F$22)) -> 0 | G32: =COUNTIFS(SSC_Ontology_Ver0.5!$A$1573:$A$1680,SUBSTITUTE($A32,"{D}",G$22),SSC_Ontology_Ver0.5!$C$1573:$C$1680,$B32,SSC_Ontology_Ver0.5!$D$1573:$D$1680,SUBSTITUTE($C32,"{D}",G$22)) -> 0 | H32: =COUNTIFS(SSC_Ontology_Ver0.5!$A$1573:$A$1680,SUBSTITUTE($A32,"{D}",H$22),SSC_Ontology_Ver0.5!$C$1573:$C$1680,$B32,SSC_Ontology_Ver0.5!$D$1573:$D$1680,SUBSTITUTE($C32,"{D}",H$22)) -> 0 | I32: =COUNTIFS(SSC_Ontology_Ver0.5!$A$1573:$A$1680,SUBSTITUTE($A32,"{D}",I$22),SSC_Ontology_Ver0.5!$C$1573:$C$1680,$B32,SSC_Ontology_Ver0.5!$D$1573:$D$1680,SUBSTITUTE($C32,"{D}",I$22)) -> 0 | J32: =COUNTIFS(SSC_Ontology_Ver0.5!$A$1573:$A$1680,SUBSTITUTE($A32,"{D}",J$22),SSC_Ontology_Ver0.5!$C$1573:$C$1680,$B32,SSC_Ontology_Ver0.5!$D$1573:$D$1680,SUBSTITUTE($C32,"{D}",J$22)) -> 1 | K32: =COUNTIFS(SSC_Ontology_Ver0.5!$A$1573:$A$1680,SUBSTITUTE($A32,"{D}",K$22),SSC_Ontology_Ver0.5!$C$1573:$C$1680,$B32,SSC_Ontology_Ver0.5!$D$1573:$D$1680,SUBSTITUTE($C32,"{D}",K$22)) -> 1 | ... M32: =COUNTIFS(SSC_Ontology_Ver0.5!$A$1573:$A$1680,SUBSTITUTE($A32,"{D}",M$22),SSC_Ontology_Ver0.5!$C$1573:$C$1680,$B32,SSC_Ontology_Ver0.5!$D$1573:$D$1680,SUBSTITUTE($C32,"{D}",M$22)) -> 1 | N32: =IF(OR($B32="rec:locatedIn",$B32="rec:feeds"),"Excluded - varies by room",IF(AND(MIN(D32:M32)=MAX(D32:M32),MAX(D32:M32)=1),"OK",IF(MIN(D32:M32)=0,"Not on all units","Duplicated"))) -> Not on all units
A33: entity:SSC_{D} | B33: rec:locatedIn | C33: entity:SSC_B1_005_UPS | D33: =COUNTIFS(SSC_Ontology_Ver0.5!$A$1573:$A$1680,SUBSTITUTE($A33,"{D}",D$22),SSC_Ontology_Ver0.5!$C$1573:$C$1680,$B33,SSC_Ontology_Ver0.5!$D$1573:$D$1680,SUBSTITUTE($C33,"{D}",D$22)) -> 1 | E33: =COUNTIFS(SSC_Ontology_Ver0.5!$A$1573:$A$1680,SUBSTITUTE($A33,"{D}",E$22),SSC_Ontology_Ver0.5!$C$1573:$C$1680,$B33,SSC_Ontology_Ver0.5!$D$1573:$D$1680,SUBSTITUTE($C33,"{D}",E$22)) -> 1 | F33: =COUNTIFS(SSC_Ontology_Ver0.5!$A$1573:$A$1680,SUBSTITUTE($A33,"{D}",F$22),SSC_Ontology_Ver0.5!$C$1573:$C$1680,$B33,SSC_Ontology_Ver0.5!$D$1573:$D$1680,SUBSTITUTE($C33,"{D}",F$22)) -> 1 | G33: =COUNTIFS(SSC_Ontology_Ver0.5!$A$1573:$A$1680,SUBSTITUTE($A33,"{D}",G$22),SSC_Ontology_Ver0.5!$C$1573:$C$1680,$B33,SSC_Ontology_Ver0.5!$D$1573:$D$1680,SUBSTITUTE($C33,"{D}",G$22)) -> 1 | H33: =COUNTIFS(SSC_Ontology_Ver0.5!$A$1573:$A$1680,SUBSTITUTE($A33,"{D}",H$22),SSC_Ontology_Ver0.5!$C$1573:$C$1680,$B33,SSC_Ontology_Ver0.5!$D$1573:$D$1680,SUBSTITUTE($C33,"{D}",H$22)) -> 0 | I33: =COUNTIFS(SSC_Ontology_Ver0.5!$A$1573:$A$1680,SUBSTITUTE($A33,"{D}",I$22),SSC_Ontology_Ver0.5!$C$1573:$C$1680,$B33,SSC_Ontology_Ver0.5!$D$1573:$D$1680,SUBSTITUTE($C33,"{D}",I$22)) -> 0 | J33: =COUNTIFS(SSC_Ontology_Ver0.5!$A$1573:$A$1680,SUBSTITUTE($A33,"{D}",J$22),SSC_Ontology_Ver0.5!$C$1573:$C$1680,$B33,SSC_Ontology_Ver0.5!$D$1573:$D$1680,SUBSTITUTE($C33,"{D}",J$22)) -> 0 | K33: =COUNTIFS(SSC_Ontology_Ver0.5!$A$1573:$A$1680,SUBSTITUTE($A33,"{D}",K$22),SSC_Ontology_Ver0.5!$C$1573:$C$1680,$B33,SSC_Ontology_Ver0.5!$D$1573:$D$1680,SUBSTITUTE($C33,"{D}",K$22)) -> 0 | ... M33: =COUNTIFS(SSC_Ontology_Ver0.5!$A$1573:$A$1680,SUBSTITUTE($A33,"{D}",M$22),SSC_Ontology_Ver0.5!$C$1573:$C$1680,$B33,SSC_Ontology_Ver0.5!$D$1573:$D$1680,SUBSTITUTE($C33,"{D}",M$22)) -> 0 | N33: =IF(OR($B33="rec:locatedIn",$B33="rec:feeds"),"Excluded - varies by room",IF(AND(MIN(D33:M33)=MAX(D33:M33),MAX(D33:M33)=1),"OK",IF(MIN(D33:M33)=0,"Not on all units","Duplicated"))) -> Excluded - varies by room
A34: entity:SSC_{D} | B34: rec:locatedIn | C34: entity:SSC_B1_004_MV_SWITCH_ROOM | D34: =COUNTIFS(SSC_Ontology_Ver0.5!$A$1573:$A$1680,SUBSTITUTE($A34,"{D}",D$22),SSC_Ontology_Ver0.5!$C$1573:$C$1680,$B34,SSC_Ontology_Ver0.5!$D$1573:$D$1680,SUBSTITUTE($C34,"{D}",D$22)) -> 0 | E34: =COUNTIFS(SSC_Ontology_Ver0.5!$A$1573:$A$1680,SUBSTITUTE($A34,"{D}",E$22),SSC_Ontology_Ver0.5!$C$1573:$C$1680,$B34,SSC_Ontology_Ver0.5!$D$1573:$D$1680,SUBSTITUTE($C34,"{D}",E$22)) -> 0 | F34: =COUNTIFS(SSC_Ontology_Ver0.5!$A$1573:$A$1680,SUBSTITUTE($A34,"{D}",F$22),SSC_Ontology_Ver0.5!$C$1573:$C$1680,$B34,SSC_Ontology_Ver0.5!$D$1573:$D$1680,SUBSTITUTE($C34,"{D}",F$22)) -> 0 | G34: =COUNTIFS(SSC_Ontology_Ver0.5!$A$1573:$A$1680,SUBSTITUTE($A34,"{D}",G$22),SSC_Ontology_Ver0.5!$C$1573:$C$1680,$B34,SSC_Ontology_Ver0.5!$D$1573:$D$1680,SUBSTITUTE($C34,"{D}",G$22)) -> 0 | H34: =COUNTIFS(SSC_Ontology_Ver0.5!$A$1573:$A$1680,SUBSTITUTE($A34,"{D}",H$22),SSC_Ontology_Ver0.5!$C$1573:$C$1680,$B34,SSC_Ontology_Ver0.5!$D$1573:$D$1680,SUBSTITUTE($C34,"{D}",H$22)) -> 1 | I34: =COUNTIFS(SSC_Ontology_Ver0.5!$A$1573:$A$1680,SUBSTITUTE($A34,"{D}",I$22),SSC_Ontology_Ver0.5!$C$1573:$C$1680,$B34,SSC_Ontology_Ver0.5!$D$1573:$D$1680,SUBSTITUTE($C34,"{D}",I$22)) -> 1 | J34: =COUNTIFS(SSC_Ontology_Ver0.5!$A$1573:$A$1680,SUBSTITUTE($A34,"{D}",J$22),SSC_Ontology_Ver0.5!$C$1573:$C$1680,$B34,SSC_Ontology_Ver0.5!$D$1573:$D$1680,SUBSTITUTE($C34,"{D}",J$22)) -> 0 | K34: =COUNTIFS(SSC_Ontology_Ver0.5!$A$1573:$A$1680,SUBSTITUTE($A34,"{D}",K$22),SSC_Ontology_Ver0.5!$C$1573:$C$1680,$B34,SSC_Ontology_Ver0.5!$D$1573:$D$1680,SUBSTITUTE($C34,"{D}",K$22)) -> 0 | ... M34: =COUNTIFS(SSC_Ontology_Ver0.5!$A$1573:$A$1680,SUBSTITUTE($A34,"{D}",M$22),SSC_Ontology_Ver0.5!$C$1573:$C$1680,$B34,SSC_Ontology_Ver0.5!$D$1573:$D$1680,SUBSTITUTE($C34,"{D}",M$22)) -> 0 | N34: =IF(OR($B34="rec:locatedIn",$B34="rec:feeds"),"Excluded - varies by room",IF(AND(MIN(D34:M34)=MAX(D34:M34),MAX(D34:M34)=1),"OK",IF(MIN(D34:M34)=0,"Not on all units","Duplicated"))) -> Excluded - varies by room
... A42: entity:SSC_{D} | B42: rec:feeds | C42: entity:SSC_B1_021_FM_STORAGE | D42: =COUNTIFS(SSC_Ontology_Ver0.5!$A$1573:$A$1680,SUBSTITUTE($A42,"{D}",D$22),SSC_Ontology_Ver0.5!$C$1573:$C$1680,$B42,SSC_Ontology_Ver0.5!$D$1573:$D$1680,SUBSTITUTE($C42,"{D}",D$22)) -> 0 | E42: =COUNTIFS(SSC_Ontology_Ver0.5!$A$1573:$A$1680,SUBSTITUTE($A42,"{D}",E$22),SSC_Ontology_Ver0.5!$C$1573:$C$1680,$B42,SSC_Ontology_Ver0.5!$D$1573:$D$1680,SUBSTITUTE($C42,"{D}",E$22)) -> 0 | F42: =COUNTIFS(SSC_Ontology_Ver0.5!$A$1573:$A$1680,SUBSTITUTE($A42,"{D}",F$22),SSC_Ontology_Ver0.5!$C$1573:$C$1680,$B42,SSC_Ontology_Ver0.5!$D$1573:$D$1680,SUBSTITUTE($C42,"{D}",F$22)) -> 0 | G42: =COUNTIFS(SSC_Ontology_Ver0.5!$A$1573:$A$1680,SUBSTITUTE($A42,"{D}",G$22),SSC_Ontology_Ver0.5!$C$1573:$C$1680,$B42,SSC_Ontology_Ver0.5!$D$1573:$D$1680,SUBSTITUTE($C42,"{D}",G$22)) -> 0 | H42: =COUNTIFS(SSC_Ontology_Ver0.5!$A$1573:$A$1680,SUBSTITUTE($A42,"{D}",H$22),SSC_Ontology_Ver0.5!$C$1573:$C$1680,$B42,SSC_Ontology_Ver0.5!$D$1573:$D$1680,SUBSTITUTE($C42,"{D}",H$22)) -> 0 | I42: =COUNTIFS(SSC_Ontology_Ver0.5!$A$1573:$A$1680,SUBSTITUTE($A42,"{D}",I$22),SSC_Ontology_Ver0.5!$C$1573:$C$1680,$B42,SSC_Ontology_Ver0.5!$D$1573:$D$1680,SUBSTITUTE($C42,"{D}",I$22)) -> 0 | J42: =COUNTIFS(SSC_Ontology_Ver0.5!$A$1573:$A$1680,SUBSTITUTE($A42,"{D}",J$22),SSC_Ontology_Ver0.5!$C$1573:$C$1680,$B42,SSC_Ontology_Ver0.5!$D$1573:$D$1680,SUBSTITUTE($C42,"{D}",J$22)) -> 0 | K42: =COUNTIFS(SSC_Ontology_Ver0.5!$A$1573:$A$1680,SUBSTITUTE($A42,"{D}",K$22),SSC_Ontology_Ver0.5!$C$1573:$C$1680,$B42,SSC_Ontology_Ver0.5!$D$1573:$D$1680,SUBSTITUTE($C42,"{D}",K$22)) -> 0 | ... M42: =COUNTIFS(SSC_Ontology_Ver0.5!$A$1573:$A$1680,SUBSTITUTE($A42,"{D}",M$22),SSC_Ontology_Ver0.5!$C$1573:$C$1680,$B42,SSC_Ontology_Ver0.5!$D$1573:$D$1680,SUBSTITUTE($C42,"{D}",M$22)) -> 1 | N42: =IF(OR($B42="rec:locatedIn",$B42="rec:feeds"),"Excluded - varies by room",IF(AND(MIN(D42:M42)=MAX(D42:M42),MAX(D42:M42)=1),"OK",IF(MIN(D42:M42)=0,"Not on all units","Duplicated"))) -> Excluded - varies by room
A44: 5. Location and feeds breakdown per unit
A45: Unit | B45: # locatedIn | C45: Room (locatedIn) | D45: Target (rec:feeds) | E45: feeds = locatedIn?
A46: DXB0001 | B46: =COUNTIFS(SSC_Ontology_Ver0.5!$A$1573:$A$1680,"entity:SSC_"&$A46,SSC_Ontology_Ver0.5!$C$1573:$C$1680,"rec:locatedIn") -> 1 | C46: {=_xlfn.TEXTJOIN(" ; ",TRUE,IF((SSC_Ontology_Ver0.5!$A$1573:$A$1680="entity:SSC_"&$A46)*(SSC_Ontology_Ver0.5!$C$1573:$C$1680="rec:locatedIn"),SSC_Ontology_Ver0.5!$D$1573:$D$1680,""))} -> entity:SSC_B1_005_UPS | D46: {=_xlfn.TEXTJOIN(" ; ",TRUE,IF((SSC_Ontology_Ver0.5!$A$1573:$A$1680="entity:SSC_"&$A46)*(SSC_Ontology_Ver0.5!$C$1573:$C$1680="rec:feeds"),SSC_Ontology_Ver0.5!$D$1573:$D$1680,""))} -> entity:SSC_B1_005_UPS | E46: =IF($C46=$D46,"same","different") -> same
A47: DXB0002 | B47: =COUNTIFS(SSC_Ontology_Ver0.5!$A$1573:$A$1680,"entity:SSC_"&$A47,SSC_Ontology_Ver0.5!$C$1573:$C$1680,"rec:locatedIn") -> 1 | C47: {=_xlfn.TEXTJOIN(" ; ",TRUE,IF((SSC_Ontology_Ver0.5!$A$1573:$A$1680="entity:SSC_"&$A47)*(SSC_Ontology_Ver0.5!$C$1573:$C$1680="rec:locatedIn"),SSC_Ontology_Ver0.5!$D$1573:$D$1680,""))} -> entity:SSC_B1_005_UPS | D47: {=_xlfn.TEXTJOIN(" ; ",TRUE,IF((SSC_Ontology_Ver0.5!$A$1573:$A$1680="entity:SSC_"&$A47)*(SSC_Ontology_Ver0.5!$C$1573:$C$1680="rec:feeds"),SSC_Ontology_Ver0.5!$D$1573:$D$1680,""))} -> entity:SSC_B1_005_UPS | E47: =IF($C47=$D47,"same","different") -> same
A48: DXB0003 | B48: =COUNTIFS(SSC_Ontology_Ver0.5!$A$1573:$A$1680,"entity:SSC_"&$A48,SSC_Ontology_Ver0.5!$C$1573:$C$1680,"rec:locatedIn") -> 1 | C48: {=_xlfn.TEXTJOIN(" ; ",TRUE,IF((SSC_Ontology_Ver0.5!$A$1573:$A$1680="entity:SSC_"&$A48)*(SSC_Ontology_Ver0.5!$C$1573:$C$1680="rec:locatedIn"),SSC_Ontology_Ver0.5!$D$1573:$D$1680,""))} -> entity:SSC_B1_005_UPS | D48: {=_xlfn.TEXTJOIN(" ; ",TRUE,IF((SSC_Ontology_Ver0.5!$A$1573:$A$1680="entity:SSC_"&$A48)*(SSC_Ontology_Ver0.5!$C$1573:$C$1680="rec:feeds"),SSC_Ontology_Ver0.5!$D$1573:$D$1680,""))} -> entity:SSC_B1_005_UPS | E48: =IF($C48=$D48,"same","different") -> same
A49: DXB0004 | B49: =COUNTIFS(SSC_Ontology_Ver0.5!$A$1573:$A$1680,"entity:SSC_"&$A49,SSC_Ontology_Ver0.5!$C$1573:$C$1680,"rec:locatedIn") -> 1 | C49: {=_xlfn.TEXTJOIN(" ; ",TRUE,IF((SSC_Ontology_Ver0.5!$A$1573:$A$1680="entity:SSC_"&$A49)*(SSC_Ontology_Ver0.5!$C$1573:$C$1680="rec:locatedIn"),SSC_Ontology_Ver0.5!$D$1573:$D$1680,""))} -> entity:SSC_B1_005_UPS | D49: {=_xlfn.TEXTJOIN(" ; ",TRUE,IF((SSC_Ontology_Ver0.5!$A$1573:$A$1680="entity:SSC_"&$A49)*(SSC_Ontology_Ver0.5!$C$1573:$C$1680="rec:feeds"),SSC_Ontology_Ver0.5!$D$1573:$D$1680,""))} -> entity:SSC_B1_005_UPS | E49: =IF($C49=$D49,"same","different") -> same
A50: DXB0005 | B50: =COUNTIFS(SSC_Ontology_Ver0.5!$A$1573:$A$1680,"entity:SSC_"&$A50,SSC_Ontology_Ver0.5!$C$1573:$C$1680,"rec:locatedIn") -> 1 | C50: {=_xlfn.TEXTJOIN(" ; ",TRUE,IF((SSC_Ontology_Ver0.5!$A$1573:$A$1680="entity:SSC_"&$A50)*(SSC_Ontology_Ver0.5!$C$1573:$C$1680="rec:locatedIn"),SSC_Ontology_Ver0.5!$D$1573:$D$1680,""))} -> entity:SSC_B1_004_MV_SWITCH_ROOM | D50: {=_xlfn.TEXTJOIN(" ; ",TRUE,IF((SSC_Ontology_Ver0.5!$A$1573:$A$1680="entity:SSC_"&$A50)*(SSC_Ontology_Ver0.5!$C$1573:$C$1680="rec:feeds"),SSC_Ontology_Ver0.5!$D$1573:$D$1680,""))} -> entity:SSC_B1_004_MV_SWITCH_ROOM | E50: =IF($C50=$D50,"same","different") -> same
A51: DXB0006 | B51: =COUNTIFS(SSC_Ontology_Ver0.5!$A$1573:$A$1680,"entity:SSC_"&$A51,SSC_Ontology_Ver0.5!$C$1573:$C$1680,"rec:locatedIn") -> 1 | C51: {=_xlfn.TEXTJOIN(" ; ",TRUE,IF((SSC_Ontology_Ver0.5!$A$1573:$A$1680="entity:SSC_"&$A51)*(SSC_Ontology_Ver0.5!$C$1573:$C$1680="rec:locatedIn"),SSC_Ontology_Ver0.5!$D$1573:$D$1680,""))} -> entity:SSC_B1_004_MV_SWITCH_ROOM | D51: {=_xlfn.TEXTJOIN(" ; ",TRUE,IF((SSC_Ontology_Ver0.5!$A$1573:$A$1680="entity:SSC_"&$A51)*(SSC_Ontology_Ver0.5!$C$1573:$C$1680="rec:feeds"),SSC_Ontology_Ver0.5!$D$1573:$D$1680,""))} -> entity:SSC_B1_004_MV_SWITCH_ROOM | E51: =IF($C51=$D51,"same","different") -> same
A52: DXB0007 | B52: =COUNTIFS(SSC_Ontology_Ver0.5!$A$1573:$A$1680,"entity:SSC_"&$A52,SSC_Ontology_Ver0.5!$C$1573:$C$1680,"rec:locatedIn") -> 1 | C52: {=_xlfn.TEXTJOIN(" ; ",TRUE,IF((SSC_Ontology_Ver0.5!$A$1573:$A$1680="entity:SSC_"&$A52)*(SSC_Ontology_Ver0.5!$C$1573:$C$1680="rec:locatedIn"),SSC_Ontology_Ver0.5!$D$1573:$D$1680,""))} -> entity:SSC_B1_019_FM_STORAGE | D52: {=_xlfn.TEXTJOIN(" ; ",TRUE,IF((SSC_Ontology_Ver0.5!$A$1573:$A$1680="entity:SSC_"&$A52)*(SSC_Ontology_Ver0.5!$C$1573:$C$1680="rec:feeds"),SSC_Ontology_Ver0.5!$D$1573:$D$1680,""))} -> entity:SSC_B1_019_FM_STORAGE | E52: =IF($C52=$D52,"same","different") -> same
A53: DXB0008 | B53: =COUNTIFS(SSC_Ontology_Ver0.5!$A$1573:$A$1680,"entity:SSC_"&$A53,SSC_Ontology_Ver0.5!$C$1573:$C$1680,"rec:locatedIn") -> 1 | C53: {=_xlfn.TEXTJOIN(" ; ",TRUE,IF((SSC_Ontology_Ver0.5!$A$1573:$A$1680="entity:SSC_"&$A53)*(SSC_Ontology_Ver0.5!$C$1573:$C$1680="rec:locatedIn"),SSC_Ontology_Ver0.5!$D$1573:$D$1680,""))} -> entity:SSC_B1_019_FM_STORAGE | D53: {=_xlfn.TEXTJOIN(" ; ",TRUE,IF((SSC_Ontology_Ver0.5!$A$1573:$A$1680="entity:SSC_"&$A53)*(SSC_Ontology_Ver0.5!$C$1573:$C$1680="rec:feeds"),SSC_Ontology_Ver0.5!$D$1573:$D$1680,""))} -> entity:SSC_B1_019_FM_STORAGE | E53: =IF($C53=$D53,"same","different") -> same
A54: DXB0009 | B54: =COUNTIFS(SSC_Ontology_Ver0.5!$A$1573:$A$1680,"entity:SSC_"&$A54,SSC_Ontology_Ver0.5!$C$1573:$C$1680,"rec:locatedIn") -> 1 | C54: {=_xlfn.TEXTJOIN(" ; ",TRUE,IF((SSC_Ontology_Ver0.5!$A$1573:$A$1680="entity:SSC_"&$A54)*(SSC_Ontology_Ver0.5!$C$1573:$C$1680="rec:locatedIn"),SSC_Ontology_Ver0.5!$D$1573:$D$1680,""))} -> entity:SSC_B1_020_FM_STORAGE | D54: {=_xlfn.TEXTJOIN(" ; ",TRUE,IF((SSC_Ontology_Ver0.5!$A$1573:$A$1680="entity:SSC_"&$A54)*(SSC_Ontology_Ver0.5!$C$1573:$C$1680="rec:feeds"),SSC_Ontology_Ver0.5!$D$1573:$D$1680,""))} -> entity:SSC_B1_020_FM_STORAGE | E54: =IF($C54=$D54,"same","different") -> same
A55: DXB0010 | B55: =COUNTIFS(SSC_Ontology_Ver0.5!$A$1573:$A$1680,"entity:SSC_"&$A55,SSC_Ontology_Ver0.5!$C$1573:$C$1680,"rec:locatedIn") -> 1 | C55: {=_xlfn.TEXTJOIN(" ; ",TRUE,IF((SSC_Ontology_Ver0.5!$A$1573:$A$1680="entity:SSC_"&$A55)*(SSC_Ontology_Ver0.5!$C$1573:$C$1680="rec:locatedIn"),SSC_Ontology_Ver0.5!$D$1573:$D$1680,""))} -> entity:SSC_B1_021_FM_STORAGE | D55: {=_xlfn.TEXTJOIN(" ; ",TRUE,IF((SSC_Ontology_Ver0.5!$A$1573:$A$1680="entity:SSC_"&$A55)*(SSC_Ontology_Ver0.5!$C$1573:$C$1680="rec:feeds"),SSC_Ontology_Ver0.5!$D$1573:$D$1680,""))} -> entity:SSC_B1_021_FM_STORAGE | E55: =IF($C55=$D55,"same","different") -> same

Sheet FCU_Comparison
A1: FCU Ontology Consistency Check — SSC_FCU0001 to FCU0011
A2: Source: SSC_Ontology_Ver0.5!A1681:E2208 (528 triples). Relations normalised by replacing the FCU id with {F}, then counted per unit. rec:locatedIn and rec:feeds are excluded from the pass/fail flag because both legitimately vary by room.
A4: 1. Triple count per FCU
A5: Metric | B5: FCU0001 | C5: FCU0002 | D5: FCU0003 | E5: FCU0004 | F5: FCU0005 | G5: FCU0006 | H5: FCU0007 | I5: FCU0008 | J5: FCU0009 | K5: FCU0010 | L5: FCU0011 | M5: All equal?
A6: Rows in source | B6: =COUNTIF(SSC_Ontology_Ver0.5!$A$1681:$A$2208,"*"&"FCU0001"&"*") -> 48 | C6: =COUNTIF(SSC_Ontology_Ver0.5!$A$1681:$A$2208,"*"&"FCU0002"&"*") -> 48 | D6: =COUNTIF(SSC_Ontology_Ver0.5!$A$1681:$A$2208,"*"&"FCU0003"&"*") -> 48 | E6: =COUNTIF(SSC_Ontology_Ver0.5!$A$1681:$A$2208,"*"&"FCU0004"&"*") -> 48 | F6: =COUNTIF(SSC_Ontology_Ver0.5!$A$1681:$A$2208,"*"&"FCU0005"&"*") -> 48 | G6: =COUNTIF(SSC_Ontology_Ver0.5!$A$1681:$A$2208,"*"&"FCU0006"&"*") -> 48 | H6: =COUNTIF(SSC_Ontology_Ver0.5!$A$1681:$A$2208,"*"&"FCU0007"&"*") -> 48 | I6: =COUNTIF(SSC_Ontology_Ver0.5!$A$1681:$A$2208,"*"&"FCU0008"&"*") -> 48 | J6: =COUNTIF(SSC_Ontology_Ver0.5!$A$1681:$A$2208,"*"&"FCU0009"&"*") -> 48 | K6: =COUNTIF(SSC_Ontology_Ver0.5!$A$1681:$A$2208,"*"&"FCU0010"&"*") -> 48 | L6: =COUNTIF(SSC_Ontology_Ver0.5!$A$1681:$A$2208,"*"&"FCU0011"&"*") -> 48 | M6: =IF(MIN(B6:L6)=MAX(B6:L6),"YES","NO") -> YES
A7: Difference vs FCU0001 | B7: =0 -> 0 | C7: =C6-$B$6 -> 0 | D7: =D6-$B$6 -> 0 | E7: =E6-$B$6 -> 0 | F7: =F6-$B$6 -> 0 | G7: =G6-$B$6 -> 0 | H7: =H6-$B$6 -> 0 | I7: =I6-$B$6 -> 0 | J7: =J6-$B$6 -> 0 | ... L7: =L6-$B$6 -> 0
A9: 2. Findings
A10: Triple count: IDENTICAL — all 11 FCUs have exactly 48 rows.
A11: Relation patterns: 64 unique patterns. 46 are structural and present exactly once on every FCU — no missing points, no duplicates, no extras.
A12: The remaining 18 patterns are the rec:locatedIn and rec:feeds rows, which differ only in which room they point at (9 distinct rooms across the 11 units). Every FCU has exactly one of each, so this is room variance, not a gap.
A13: Type columns (subject type, object type): consistent — every shared pattern uses the same brick/para class on all 11 units.
A14: Observation: as with the DX units, each FCU's rec:feeds target is the SAME room as its rec:locatedIn target on all 11 units — see the breakdown in section 4.
A16: 3. Full relation matrix — every unique FCU relation pattern and its count per unit
A17: Subject pattern | B17: Predicate | C17: Object pattern | D17: FCU0001 | E17: FCU0002 | F17: FCU0003 | G17: FCU0004 | H17: FCU0005 | I17: FCU0006 | J17: FCU0007 | K17: FCU0008 | L17: FCU0009 | M17: FCU0010 | N17: FCU0011 | O17: Status
A18: entity:SSC_{F} | B18: brick:hasPart | C18: entity:SSC_{F}_CHW-Coil | D18: =COUNTIFS(SSC_Ontology_Ver0.5!$A$1681:$A$2208,SUBSTITUTE($A18,"{F}",D$17),SSC_Ontology_Ver0.5!$C$1681:$C$2208,$B18,SSC_Ontology_Ver0.5!$D$1681:$D$2208,SUBSTITUTE($C18,"{F}",D$17)) -> 1 | E18: =COUNTIFS(SSC_Ontology_Ver0.5!$A$1681:$A$2208,SUBSTITUTE($A18,"{F}",E$17),SSC_Ontology_Ver0.5!$C$1681:$C$2208,$B18,SSC_Ontology_Ver0.5!$D$1681:$D$2208,SUBSTITUTE($C18,"{F}",E$17)) -> 1 | F18: =COUNTIFS(SSC_Ontology_Ver0.5!$A$1681:$A$2208,SUBSTITUTE($A18,"{F}",F$17),SSC_Ontology_Ver0.5!$C$1681:$C$2208,$B18,SSC_Ontology_Ver0.5!$D$1681:$D$2208,SUBSTITUTE($C18,"{F}",F$17)) -> 1 | G18: =COUNTIFS(SSC_Ontology_Ver0.5!$A$1681:$A$2208,SUBSTITUTE($A18,"{F}",G$17),SSC_Ontology_Ver0.5!$C$1681:$C$2208,$B18,SSC_Ontology_Ver0.5!$D$1681:$D$2208,SUBSTITUTE($C18,"{F}",G$17)) -> 1 | H18: =COUNTIFS(SSC_Ontology_Ver0.5!$A$1681:$A$2208,SUBSTITUTE($A18,"{F}",H$17),SSC_Ontology_Ver0.5!$C$1681:$C$2208,$B18,SSC_Ontology_Ver0.5!$D$1681:$D$2208,SUBSTITUTE($C18,"{F}",H$17)) -> 1 | I18: =COUNTIFS(SSC_Ontology_Ver0.5!$A$1681:$A$2208,SUBSTITUTE($A18,"{F}",I$17),SSC_Ontology_Ver0.5!$C$1681:$C$2208,$B18,SSC_Ontology_Ver0.5!$D$1681:$D$2208,SUBSTITUTE($C18,"{F}",I$17)) -> 1 | J18: =COUNTIFS(SSC_Ontology_Ver0.5!$A$1681:$A$2208,SUBSTITUTE($A18,"{F}",J$17),SSC_Ontology_Ver0.5!$C$1681:$C$2208,$B18,SSC_Ontology_Ver0.5!$D$1681:$D$2208,SUBSTITUTE($C18,"{F}",J$17)) -> 1 | K18: =COUNTIFS(SSC_Ontology_Ver0.5!$A$1681:$A$2208,SUBSTITUTE($A18,"{F}",K$17),SSC_Ontology_Ver0.5!$C$1681:$C$2208,$B18,SSC_Ontology_Ver0.5!$D$1681:$D$2208,SUBSTITUTE($C18,"{F}",K$17)) -> 1 | ... N18: =COUNTIFS(SSC_Ontology_Ver0.5!$A$1681:$A$2208,SUBSTITUTE($A18,"{F}",N$17),SSC_Ontology_Ver0.5!$C$1681:$C$2208,$B18,SSC_Ontology_Ver0.5!$D$1681:$D$2208,SUBSTITUTE($C18,"{F}",N$17)) -> 1 | O18: =IF(OR($B18="rec:locatedIn",$B18="rec:feeds"),"Excluded - varies by room",IF(AND(MIN(D18:N18)=MAX(D18:N18),MAX(D18:N18)=1),"OK",IF(MIN(D18:N18)=0,"Not on all units","Duplicated"))) -> OK
A19: entity:SSC_{F} | B19: brick:hasPart | C19: entity:SSC_{F}_Cooling-Thermal-Virtual-Meter | D19: =COUNTIFS(SSC_Ontology_Ver0.5!$A$1681:$A$2208,SUBSTITUTE($A19,"{F}",D$17),SSC_Ontology_Ver0.5!$C$1681:$C$2208,$B19,SSC_Ontology_Ver0.5!$D$1681:$D$2208,SUBSTITUTE($C19,"{F}",D$17)) -> 1 | E19: =COUNTIFS(SSC_Ontology_Ver0.5!$A$1681:$A$2208,SUBSTITUTE($A19,"{F}",E$17),SSC_Ontology_Ver0.5!$C$1681:$C$2208,$B19,SSC_Ontology_Ver0.5!$D$1681:$D$2208,SUBSTITUTE($C19,"{F}",E$17)) -> 1 | F19: =COUNTIFS(SSC_Ontology_Ver0.5!$A$1681:$A$2208,SUBSTITUTE($A19,"{F}",F$17),SSC_Ontology_Ver0.5!$C$1681:$C$2208,$B19,SSC_Ontology_Ver0.5!$D$1681:$D$2208,SUBSTITUTE($C19,"{F}",F$17)) -> 1 | G19: =COUNTIFS(SSC_Ontology_Ver0.5!$A$1681:$A$2208,SUBSTITUTE($A19,"{F}",G$17),SSC_Ontology_Ver0.5!$C$1681:$C$2208,$B19,SSC_Ontology_Ver0.5!$D$1681:$D$2208,SUBSTITUTE($C19,"{F}",G$17)) -> 1 | H19: =COUNTIFS(SSC_Ontology_Ver0.5!$A$1681:$A$2208,SUBSTITUTE($A19,"{F}",H$17),SSC_Ontology_Ver0.5!$C$1681:$C$2208,$B19,SSC_Ontology_Ver0.5!$D$1681:$D$2208,SUBSTITUTE($C19,"{F}",H$17)) -> 1 | I19: =COUNTIFS(SSC_Ontology_Ver0.5!$A$1681:$A$2208,SUBSTITUTE($A19,"{F}",I$17),SSC_Ontology_Ver0.5!$C$1681:$C$2208,$B19,SSC_Ontology_Ver0.5!$D$1681:$D$2208,SUBSTITUTE($C19,"{F}",I$17)) -> 1 | J19: =COUNTIFS(SSC_Ontology_Ver0.5!$A$1681:$A$2208,SUBSTITUTE($A19,"{F}",J$17),SSC_Ontology_Ver0.5!$C$1681:$C$2208,$B19,SSC_Ontology_Ver0.5!$D$1681:$D$2208,SUBSTITUTE($C19,"{F}",J$17)) -> 1 | K19: =COUNTIFS(SSC_Ontology_Ver0.5!$A$1681:$A$2208,SUBSTITUTE($A19,"{F}",K$17),SSC_Ontology_Ver0.5!$C$1681:$C$2208,$B19,SSC_Ontology_Ver0.5!$D$1681:$D$2208,SUBSTITUTE($C19,"{F}",K$17)) -> 1 | ... N19: =COUNTIFS(SSC_Ontology_Ver0.5!$A$1681:$A$2208,SUBSTITUTE($A19,"{F}",N$17),SSC_Ontology_Ver0.5!$C$1681:$C$2208,$B19,SSC_Ontology_Ver0.5!$D$1681:$D$2208,SUBSTITUTE($C19,"{F}",N$17)) -> 1 | O19: =IF(OR($B19="rec:locatedIn",$B19="rec:feeds"),"Excluded - varies by room",IF(AND(MIN(D19:N19)=MAX(D19:N19),MAX(D19:N19)=1),"OK",IF(MIN(D19:N19)=0,"Not on all units","Duplicated"))) -> OK
A20: entity:SSC_{F} | B20: brick:hasPart | C20: entity:SSC_{F}_ElectricalVirtualMeter | D20: =COUNTIFS(SSC_Ontology_Ver0.5!$A$1681:$A$2208,SUBSTITUTE($A20,"{F}",D$17),SSC_Ontology_Ver0.5!$C$1681:$C$2208,$B20,SSC_Ontology_Ver0.5!$D$1681:$D$2208,SUBSTITUTE($C20,"{F}",D$17)) -> 1 | E20: =COUNTIFS(SSC_Ontology_Ver0.5!$A$1681:$A$2208,SUBSTITUTE($A20,"{F}",E$17),SSC_Ontology_Ver0.5!$C$1681:$C$2208,$B20,SSC_Ontology_Ver0.5!$D$1681:$D$2208,SUBSTITUTE($C20,"{F}",E$17)) -> 1 | F20: =COUNTIFS(SSC_Ontology_Ver0.5!$A$1681:$A$2208,SUBSTITUTE($A20,"{F}",F$17),SSC_Ontology_Ver0.5!$C$1681:$C$2208,$B20,SSC_Ontology_Ver0.5!$D$1681:$D$2208,SUBSTITUTE($C20,"{F}",F$17)) -> 1 | G20: =COUNTIFS(SSC_Ontology_Ver0.5!$A$1681:$A$2208,SUBSTITUTE($A20,"{F}",G$17),SSC_Ontology_Ver0.5!$C$1681:$C$2208,$B20,SSC_Ontology_Ver0.5!$D$1681:$D$2208,SUBSTITUTE($C20,"{F}",G$17)) -> 1 | H20: =COUNTIFS(SSC_Ontology_Ver0.5!$A$1681:$A$2208,SUBSTITUTE($A20,"{F}",H$17),SSC_Ontology_Ver0.5!$C$1681:$C$2208,$B20,SSC_Ontology_Ver0.5!$D$1681:$D$2208,SUBSTITUTE($C20,"{F}",H$17)) -> 1 | I20: =COUNTIFS(SSC_Ontology_Ver0.5!$A$1681:$A$2208,SUBSTITUTE($A20,"{F}",I$17),SSC_Ontology_Ver0.5!$C$1681:$C$2208,$B20,SSC_Ontology_Ver0.5!$D$1681:$D$2208,SUBSTITUTE($C20,"{F}",I$17)) -> 1 | J20: =COUNTIFS(SSC_Ontology_Ver0.5!$A$1681:$A$2208,SUBSTITUTE($A20,"{F}",J$17),SSC_Ontology_Ver0.5!$C$1681:$C$2208,$B20,SSC_Ontology_Ver0.5!$D$1681:$D$2208,SUBSTITUTE($C20,"{F}",J$17)) -> 1 | K20: =COUNTIFS(SSC_Ontology_Ver0.5!$A$1681:$A$2208,SUBSTITUTE($A20,"{F}",K$17),SSC_Ontology_Ver0.5!$C$1681:$C$2208,$B20,SSC_Ontology_Ver0.5!$D$1681:$D$2208,SUBSTITUTE($C20,"{F}",K$17)) -> 1 | ... N20: =COUNTIFS(SSC_Ontology_Ver0.5!$A$1681:$A$2208,SUBSTITUTE($A20,"{F}",N$17),SSC_Ontology_Ver0.5!$C$1681:$C$2208,$B20,SSC_Ontology_Ver0.5!$D$1681:$D$2208,SUBSTITUTE($C20,"{F}",N$17)) -> 1 | O20: =IF(OR($B20="rec:locatedIn",$B20="rec:feeds"),"Excluded - varies by room",IF(AND(MIN(D20:N20)=MAX(D20:N20),MAX(D20:N20)=1),"OK",IF(MIN(D20:N20)=0,"Not on all units","Duplicated"))) -> OK
A21: entity:SSC_{F} | B21: brick:hasPart | C21: entity:SSC_{F}_SF | D21: =COUNTIFS(SSC_Ontology_Ver0.5!$A$1681:$A$2208,SUBSTITUTE($A21,"{F}",D$17),SSC_Ontology_Ver0.5!$C$1681:$C$2208,$B21,SSC_Ontology_Ver0.5!$D$1681:$D$2208,SUBSTITUTE($C21,"{F}",D$17)) -> 1 | E21: =COUNTIFS(SSC_Ontology_Ver0.5!$A$1681:$A$2208,SUBSTITUTE($A21,"{F}",E$17),SSC_Ontology_Ver0.5!$C$1681:$C$2208,$B21,SSC_Ontology_Ver0.5!$D$1681:$D$2208,SUBSTITUTE($C21,"{F}",E$17)) -> 1 | F21: =COUNTIFS(SSC_Ontology_Ver0.5!$A$1681:$A$2208,SUBSTITUTE($A21,"{F}",F$17),SSC_Ontology_Ver0.5!$C$1681:$C$2208,$B21,SSC_Ontology_Ver0.5!$D$1681:$D$2208,SUBSTITUTE($C21,"{F}",F$17)) -> 1 | G21: =COUNTIFS(SSC_Ontology_Ver0.5!$A$1681:$A$2208,SUBSTITUTE($A21,"{F}",G$17),SSC_Ontology_Ver0.5!$C$1681:$C$2208,$B21,SSC_Ontology_Ver0.5!$D$1681:$D$2208,SUBSTITUTE($C21,"{F}",G$17)) -> 1 | H21: =COUNTIFS(SSC_Ontology_Ver0.5!$A$1681:$A$2208,SUBSTITUTE($A21,"{F}",H$17),SSC_Ontology_Ver0.5!$C$1681:$C$2208,$B21,SSC_Ontology_Ver0.5!$D$1681:$D$2208,SUBSTITUTE($C21,"{F}",H$17)) -> 1 | I21: =COUNTIFS(SSC_Ontology_Ver0.5!$A$1681:$A$2208,SUBSTITUTE($A21,"{F}",I$17),SSC_Ontology_Ver0.5!$C$1681:$C$2208,$B21,SSC_Ontology_Ver0.5!$D$1681:$D$2208,SUBSTITUTE($C21,"{F}",I$17)) -> 1 | J21: =COUNTIFS(SSC_Ontology_Ver0.5!$A$1681:$A$2208,SUBSTITUTE($A21,"{F}",J$17),SSC_Ontology_Ver0.5!$C$1681:$C$2208,$B21,SSC_Ontology_Ver0.5!$D$1681:$D$2208,SUBSTITUTE($C21,"{F}",J$17)) -> 1 | K21: =COUNTIFS(SSC_Ontology_Ver0.5!$A$1681:$A$2208,SUBSTITUTE($A21,"{F}",K$17),SSC_Ontology_Ver0.5!$C$1681:$C$2208,$B21,SSC_Ontology_Ver0.5!$D$1681:$D$2208,SUBSTITUTE($C21,"{F}",K$17)) -> 1 | ... N21: =COUNTIFS(SSC_Ontology_Ver0.5!$A$1681:$A$2208,SUBSTITUTE($A21,"{F}",N$17),SSC_Ontology_Ver0.5!$C$1681:$C$2208,$B21,SSC_Ontology_Ver0.5!$D$1681:$D$2208,SUBSTITUTE($C21,"{F}",N$17)) -> 1 | O21: =IF(OR($B21="rec:locatedIn",$B21="rec:feeds"),"Excluded - varies by room",IF(AND(MIN(D21:N21)=MAX(D21:N21),MAX(D21:N21)=1),"OK",IF(MIN(D21:N21)=0,"Not on all units","Duplicated"))) -> OK
A22: entity:SSC_{F} | B22: brick:hasPoint | C22: entity:SSC_{F}_Schedule_Hrs | D22: =COUNTIFS(SSC_Ontology_Ver0.5!$A$1681:$A$2208,SUBSTITUTE($A22,"{F}",D$17),SSC_Ontology_Ver0.5!$C$1681:$C$2208,$B22,SSC_Ontology_Ver0.5!$D$1681:$D$2208,SUBSTITUTE($C22,"{F}",D$17)) -> 1 | E22: =COUNTIFS(SSC_Ontology_Ver0.5!$A$1681:$A$2208,SUBSTITUTE($A22,"{F}",E$17),SSC_Ontology_Ver0.5!$C$1681:$C$2208,$B22,SSC_Ontology_Ver0.5!$D$1681:$D$2208,SUBSTITUTE($C22,"{F}",E$17)) -> 1 | F22: =COUNTIFS(SSC_Ontology_Ver0.5!$A$1681:$A$2208,SUBSTITUTE($A22,"{F}",F$17),SSC_Ontology_Ver0.5!$C$1681:$C$2208,$B22,SSC_Ontology_Ver0.5!$D$1681:$D$2208,SUBSTITUTE($C22,"{F}",F$17)) -> 1 | G22: =COUNTIFS(SSC_Ontology_Ver0.5!$A$1681:$A$2208,SUBSTITUTE($A22,"{F}",G$17),SSC_Ontology_Ver0.5!$C$1681:$C$2208,$B22,SSC_Ontology_Ver0.5!$D$1681:$D$2208,SUBSTITUTE($C22,"{F}",G$17)) -> 1 | H22: =COUNTIFS(SSC_Ontology_Ver0.5!$A$1681:$A$2208,SUBSTITUTE($A22,"{F}",H$17),SSC_Ontology_Ver0.5!$C$1681:$C$2208,$B22,SSC_Ontology_Ver0.5!$D$1681:$D$2208,SUBSTITUTE($C22,"{F}",H$17)) -> 1 | I22: =COUNTIFS(SSC_Ontology_Ver0.5!$A$1681:$A$2208,SUBSTITUTE($A22,"{F}",I$17),SSC_Ontology_Ver0.5!$C$1681:$C$2208,$B22,SSC_Ontology_Ver0.5!$D$1681:$D$2208,SUBSTITUTE($C22,"{F}",I$17)) -> 1 | J22: =COUNTIFS(SSC_Ontology_Ver0.5!$A$1681:$A$2208,SUBSTITUTE($A22,"{F}",J$17),SSC_Ontology_Ver0.5!$C$1681:$C$2208,$B22,SSC_Ontology_Ver0.5!$D$1681:$D$2208,SUBSTITUTE($C22,"{F}",J$17)) -> 1 | K22: =COUNTIFS(SSC_Ontology_Ver0.5!$A$1681:$A$2208,SUBSTITUTE($A22,"{F}",K$17),SSC_Ontology_Ver0.5!$C$1681:$C$2208,$B22,SSC_Ontology_Ver0.5!$D$1681:$D$2208,SUBSTITUTE($C22,"{F}",K$17)) -> 1 | ... N22: =COUNTIFS(SSC_Ontology_Ver0.5!$A$1681:$A$2208,SUBSTITUTE($A22,"{F}",N$17),SSC_Ontology_Ver0.5!$C$1681:$C$2208,$B22,SSC_Ontology_Ver0.5!$D$1681:$D$2208,SUBSTITUTE($C22,"{F}",N$17)) -> 1 | O22: =IF(OR($B22="rec:locatedIn",$B22="rec:feeds"),"Excluded - varies by room",IF(AND(MIN(D22:N22)=MAX(D22:N22),MAX(D22:N22)=1),"OK",IF(MIN(D22:N22)=0,"Not on all units","Duplicated"))) -> OK
A23: entity:SSC_{F} | B23: brick:hasPoint | C23: entity:SSC_{F}_UnScheduled_Hrs | D23: =COUNTIFS(SSC_Ontology_Ver0.5!$A$1681:$A$2208,SUBSTITUTE($A23,"{F}",D$17),SSC_Ontology_Ver0.5!$C$1681:$C$2208,$B23,SSC_Ontology_Ver0.5!$D$1681:$D$2208,SUBSTITUTE($C23,"{F}",D$17)) -> 1 | E23: =COUNTIFS(SSC_Ontology_Ver0.5!$A$1681:$A$2208,SUBSTITUTE($A23,"{F}",E$17),SSC_Ontology_Ver0.5!$C$1681:$C$2208,$B23,SSC_Ontology_Ver0.5!$D$1681:$D$2208,SUBSTITUTE($C23,"{F}",E$17)) -> 1 | F23: =COUNTIFS(SSC_Ontology_Ver0.5!$A$1681:$A$2208,SUBSTITUTE($A23,"{F}",F$17),SSC_Ontology_Ver0.5!$C$1681:$C$2208,$B23,SSC_Ontology_Ver0.5!$D$1681:$D$2208,SUBSTITUTE($C23,"{F}",F$17)) -> 1 | G23: =COUNTIFS(SSC_Ontology_Ver0.5!$A$1681:$A$2208,SUBSTITUTE($A23,"{F}",G$17),SSC_Ontology_Ver0.5!$C$1681:$C$2208,$B23,SSC_Ontology_Ver0.5!$D$1681:$D$2208,SUBSTITUTE($C23,"{F}",G$17)) -> 1 | H23: =COUNTIFS(SSC_Ontology_Ver0.5!$A$1681:$A$2208,SUBSTITUTE($A23,"{F}",H$17),SSC_Ontology_Ver0.5!$C$1681:$C$2208,$B23,SSC_Ontology_Ver0.5!$D$1681:$D$2208,SUBSTITUTE($C23,"{F}",H$17)) -> 1 | I23: =COUNTIFS(SSC_Ontology_Ver0.5!$A$1681:$A$2208,SUBSTITUTE($A23,"{F}",I$17),SSC_Ontology_Ver0.5!$C$1681:$C$2208,$B23,SSC_Ontology_Ver0.5!$D$1681:$D$2208,SUBSTITUTE($C23,"{F}",I$17)) -> 1 | J23: =COUNTIFS(SSC_Ontology_Ver0.5!$A$1681:$A$2208,SUBSTITUTE($A23,"{F}",J$17),SSC_Ontology_Ver0.5!$C$1681:$C$2208,$B23,SSC_Ontology_Ver0.5!$D$1681:$D$2208,SUBSTITUTE($C23,"{F}",J$17)) -> 1 | K23: =COUNTIFS(SSC_Ontology_Ver0.5!$A$1681:$A$2208,SUBSTITUTE($A23,"{F}",K$17),SSC_Ontology_Ver0.5!$C$1681:$C$2208,$B23,SSC_Ontology_Ver0.5!$D$1681:$D$2208,SUBSTITUTE($C23,"{F}",K$17)) -> 1 | ... N23: =COUNTIFS(SSC_Ontology_Ver0.5!$A$1681:$A$2208,SUBSTITUTE($A23,"{F}",N$17),SSC_Ontology_Ver0.5!$C$1681:$C$2208,$B23,SSC_Ontology_Ver0.5!$D$1681:$D$2208,SUBSTITUTE($C23,"{F}",N$17)) -> 1 | O23: =IF(OR($B23="rec:locatedIn",$B23="rec:feeds"),"Excluded - varies by room",IF(AND(MIN(D23:N23)=MAX(D23:N23),MAX(D23:N23)=1),"OK",IF(MIN(D23:N23)=0,"Not on all units","Duplicated"))) -> OK
A24: entity:SSC_{F} | B24: brick:hasPoint | C24: entity:SSC_{F}_Temp_Setpoint | D24: =COUNTIFS(SSC_Ontology_Ver0.5!$A$1681:$A$2208,SUBSTITUTE($A24,"{F}",D$17),SSC_Ontology_Ver0.5!$C$1681:$C$2208,$B24,SSC_Ontology_Ver0.5!$D$1681:$D$2208,SUBSTITUTE($C24,"{F}",D$17)) -> 1 | E24: =COUNTIFS(SSC_Ontology_Ver0.5!$A$1681:$A$2208,SUBSTITUTE($A24,"{F}",E$17),SSC_Ontology_Ver0.5!$C$1681:$C$2208,$B24,SSC_Ontology_Ver0.5!$D$1681:$D$2208,SUBSTITUTE($C24,"{F}",E$17)) -> 1 | F24: =COUNTIFS(SSC_Ontology_Ver0.5!$A$1681:$A$2208,SUBSTITUTE($A24,"{F}",F$17),SSC_Ontology_Ver0.5!$C$1681:$C$2208,$B24,SSC_Ontology_Ver0.5!$D$1681:$D$2208,SUBSTITUTE($C24,"{F}",F$17)) -> 1 | G24: =COUNTIFS(SSC_Ontology_Ver0.5!$A$1681:$A$2208,SUBSTITUTE($A24,"{F}",G$17),SSC_Ontology_Ver0.5!$C$1681:$C$2208,$B24,SSC_Ontology_Ver0.5!$D$1681:$D$2208,SUBSTITUTE($C24,"{F}",G$17)) -> 1 | H24: =COUNTIFS(SSC_Ontology_Ver0.5!$A$1681:$A$2208,SUBSTITUTE($A24,"{F}",H$17),SSC_Ontology_Ver0.5!$C$1681:$C$2208,$B24,SSC_Ontology_Ver0.5!$D$1681:$D$2208,SUBSTITUTE($C24,"{F}",H$17)) -> 1 | I24: =COUNTIFS(SSC_Ontology_Ver0.5!$A$1681:$A$2208,SUBSTITUTE($A24,"{F}",I$17),SSC_Ontology_Ver0.5!$C$1681:$C$2208,$B24,SSC_Ontology_Ver0.5!$D$1681:$D$2208,SUBSTITUTE($C24,"{F}",I$17)) -> 1 | J24: =COUNTIFS(SSC_Ontology_Ver0.5!$A$1681:$A$2208,SUBSTITUTE($A24,"{F}",J$17),SSC_Ontology_Ver0.5!$C$1681:$C$2208,$B24,SSC_Ontology_Ver0.5!$D$1681:$D$2208,SUBSTITUTE($C24,"{F}",J$17)) -> 1 | K24: =COUNTIFS(SSC_Ontology_Ver0.5!$A$1681:$A$2208,SUBSTITUTE($A24,"{F}",K$17),SSC_Ontology_Ver0.5!$C$1681:$C$2208,$B24,SSC_Ontology_Ver0.5!$D$1681:$D$2208,SUBSTITUTE($C24,"{F}",K$17)) -> 1 | ... N24: =COUNTIFS(SSC_Ontology_Ver0.5!$A$1681:$A$2208,SUBSTITUTE($A24,"{F}",N$17),SSC_Ontology_Ver0.5!$C$1681:$C$2208,$B24,SSC_Ontology_Ver0.5!$D$1681:$D$2208,SUBSTITUTE($C24,"{F}",N$17)) -> 1 | O24: =IF(OR($B24="rec:locatedIn",$B24="rec:feeds"),"Excluded - varies by room",IF(AND(MIN(D24:N24)=MAX(D24:N24),MAX(D24:N24)=1),"OK",IF(MIN(D24:N24)=0,"Not on all units","Duplicated"))) -> OK
A25: entity:SSC_{F} | B25: brick:hasPoint | C25: entity:SSC_{F}_Occupied_Temp_Setpoint | D25: =COUNTIFS(SSC_Ontology_Ver0.5!$A$1681:$A$2208,SUBSTITUTE($A25,"{F}",D$17),SSC_Ontology_Ver0.5!$C$1681:$C$2208,$B25,SSC_Ontology_Ver0.5!$D$1681:$D$2208,SUBSTITUTE($C25,"{F}",D$17)) -> 1 | E25: =COUNTIFS(SSC_Ontology_Ver0.5!$A$1681:$A$2208,SUBSTITUTE($A25,"{F}",E$17),SSC_Ontology_Ver0.5!$C$1681:$C$2208,$B25,SSC_Ontology_Ver0.5!$D$1681:$D$2208,SUBSTITUTE($C25,"{F}",E$17)) -> 1 | F25: =COUNTIFS(SSC_Ontology_Ver0.5!$A$1681:$A$2208,SUBSTITUTE($A25,"{F}",F$17),SSC_Ontology_Ver0.5!$C$1681:$C$2208,$B25,SSC_Ontology_Ver0.5!$D$1681:$D$2208,SUBSTITUTE($C25,"{F}",F$17)) -> 1 | G25: =COUNTIFS(SSC_Ontology_Ver0.5!$A$1681:$A$2208,SUBSTITUTE($A25,"{F}",G$17),SSC_Ontology_Ver0.5!$C$1681:$C$2208,$B25,SSC_Ontology_Ver0.5!$D$1681:$D$2208,SUBSTITUTE($C25,"{F}",G$17)) -> 1 | H25: =COUNTIFS(SSC_Ontology_Ver0.5!$A$1681:$A$2208,SUBSTITUTE($A25,"{F}",H$17),SSC_Ontology_Ver0.5!$C$1681:$C$2208,$B25,SSC_Ontology_Ver0.5!$D$1681:$D$2208,SUBSTITUTE($C25,"{F}",H$17)) -> 1 | I25: =COUNTIFS(SSC_Ontology_Ver0.5!$A$1681:$A$2208,SUBSTITUTE($A25,"{F}",I$17),SSC_Ontology_Ver0.5!$C$1681:$C$2208,$B25,SSC_Ontology_Ver0.5!$D$1681:$D$2208,SUBSTITUTE($C25,"{F}",I$17)) -> 1 | J25: =COUNTIFS(SSC_Ontology_Ver0.5!$A$1681:$A$2208,SUBSTITUTE($A25,"{F}",J$17),SSC_Ontology_Ver0.5!$C$1681:$C$2208,$B25,SSC_Ontology_Ver0.5!$D$1681:$D$2208,SUBSTITUTE($C25,"{F}",J$17)) -> 1 | K25: =COUNTIFS(SSC_Ontology_Ver0.5!$A$1681:$A$2208,SUBSTITUTE($A25,"{F}",K$17),SSC_Ontology_Ver0.5!$C$1681:$C$2208,$B25,SSC_Ontology_Ver0.5!$D$1681:$D$2208,SUBSTITUTE($C25,"{F}",K$17)) -> 1 | ... N25: =COUNTIFS(SSC_Ontology_Ver0.5!$A$1681:$A$2208,SUBSTITUTE($A25,"{F}",N$17),SSC_Ontology_Ver0.5!$C$1681:$C$2208,$B25,SSC_Ontology_Ver0.5!$D$1681:$D$2208,SUBSTITUTE($C25,"{F}",N$17)) -> 1 | O25: =IF(OR($B25="rec:locatedIn",$B25="rec:feeds"),"Excluded - varies by room",IF(AND(MIN(D25:N25)=MAX(D25:N25),MAX(D25:N25)=1),"OK",IF(MIN(D25:N25)=0,"Not on all units","Duplicated"))) -> OK
