Workbook

Sheet Claude Log
A1: Turn # | B1: Date | C1: User Request | D1: Action Taken | E1: Details | F1: Outcome
A2: 1 | B2: 46253 | C2: Determine whether each AHU supplies VAVs, whether it supplies multiple VAVs, and whether those VAVs span multiple rooms. Collect info only, no labeling. | D2: Created 'AHU-VAV Check' summary sheet with per-AHU formulas | E2: COUNTIF on VAV!C (Fed By) for VAV count; COUNTA(UNIQUE(FILTER(...))) for distinct rooms; TEXTJOIN(UNIQUE(FILTER(...))) for room list; added CAV/FCU counts for context. All 246 VAV rows map to an AHU (no orphans). | F2: 6 of 15 AHUs feed VAVs (AHUB010/011/012/013/014/015); all 6 feed multiple VAVs across multiple rooms. Remaining 9 feed no VAVs. FCUs are not AHU-fed.
A3: 2 | B3: 46253 | C3: Recreate the AHU-VAV Check sheet, deleted by mistake. | D3: Rebuilt 'AHU-VAV Check' sheet identically | E3: Same formulas as Turn 1 (COUNTIF / COUNTA+UNIQUE+FILTER / TEXTJOIN, plus CAV and FCU context counts), header fill #D9E1F2, row 1 frozen, column H width 300, positioned second. | F3: Restored; results match Turn 1 exactly (6 AHUs feed VAVs, all multi-VAV multi-room).

Sheet AHU-VAV Check
A1: AHU | B1: AHU Plant Room | C1: Supplies VAVs? | D1: VAV Count | E1: Multiple VAVs? | F1: Distinct Rooms Served | G1: Multiple VAVs Across Multiple Rooms? | H1: Room List | I1: CAVs Fed (context) | J1: FCUs Fed (context)
A2: =AHUB!A2 | B2: =SUBSTITUTE(AHUB!B2,"entity:","") | C2: =IF(D2>0,"Yes","No") | D2: =COUNTIF(VAV!$C$2:$C$247,$A2) | E2: =IF(D2>1,"Yes","No") | F2: {=IF(D2=0,0,COUNTA(_xlfn.UNIQUE(_xlfn._xlws.FILTER(VAV!$B$2:$B$247,VAV!$C$2:$C$247=$A2))))} | G2: =IF(AND(D2>1,F2>1),"Yes","No") | H2: {=IF(D2=0,"-",_xlfn.TEXTJOIN(", ",TRUE,_xlfn.UNIQUE(SUBSTITUTE(_xlfn._xlws.FILTER(VAV!$B$2:$B$247,VAV!$C$2:$C$247=$A2),"entity:",""))))} | I2: =COUNTIF(CAV!$C$2:$C$52,$A2) | J2: =COUNTIF(FCU!$C$2:$C$138,$A2)
A3: =AHUB!A3 | B3: =SUBSTITUTE(AHUB!B3,"entity:","") | C3: =IF(D3>0,"Yes","No") | D3: =COUNTIF(VAV!$C$2:$C$247,$A3) | E3: =IF(D3>1,"Yes","No") | F3: {=IF(D3=0,0,COUNTA(_xlfn.UNIQUE(_xlfn._xlws.FILTER(VAV!$B$2:$B$247,VAV!$C$2:$C$247=$A3))))} | G3: =IF(AND(D3>1,F3>1),"Yes","No") | H3: {=IF(D3=0,"-",_xlfn.TEXTJOIN(", ",TRUE,_xlfn.UNIQUE(SUBSTITUTE(_xlfn._xlws.FILTER(VAV!$B$2:$B$247,VAV!$C$2:$C$247=$A3),"entity:",""))))} | I3: =COUNTIF(CAV!$C$2:$C$52,$A3) | J3: =COUNTIF(FCU!$C$2:$C$138,$A3)
A4: =AHUB!A4 | B4: =SUBSTITUTE(AHUB!B4,"entity:","") | C4: =IF(D4>0,"Yes","No") | D4: =COUNTIF(VAV!$C$2:$C$247,$A4) | E4: =IF(D4>1,"Yes","No") | F4: {=IF(D4=0,0,COUNTA(_xlfn.UNIQUE(_xlfn._xlws.FILTER(VAV!$B$2:$B$247,VAV!$C$2:$C$247=$A4))))} | G4: =IF(AND(D4>1,F4>1),"Yes","No") | H4: {=IF(D4=0,"-",_xlfn.TEXTJOIN(", ",TRUE,_xlfn.UNIQUE(SUBSTITUTE(_xlfn._xlws.FILTER(VAV!$B$2:$B$247,VAV!$C$2:$C$247=$A4),"entity:",""))))} | I4: =COUNTIF(CAV!$C$2:$C$52,$A4) | J4: =COUNTIF(FCU!$C$2:$C$138,$A4)
A5: =AHUB!A5 | B5: =SUBSTITUTE(AHUB!B5,"entity:","") | C5: =IF(D5>0,"Yes","No") | D5: =COUNTIF(VAV!$C$2:$C$247,$A5) | E5: =IF(D5>1,"Yes","No") | F5: {=IF(D5=0,0,COUNTA(_xlfn.UNIQUE(_xlfn._xlws.FILTER(VAV!$B$2:$B$247,VAV!$C$2:$C$247=$A5))))} | G5: =IF(AND(D5>1,F5>1),"Yes","No") | H5: {=IF(D5=0,"-",_xlfn.TEXTJOIN(", ",TRUE,_xlfn.UNIQUE(SUBSTITUTE(_xlfn._xlws.FILTER(VAV!$B$2:$B$247,VAV!$C$2:$C$247=$A5),"entity:",""))))} | I5: =COUNTIF(CAV!$C$2:$C$52,$A5) | J5: =COUNTIF(FCU!$C$2:$C$138,$A5)
A6: =AHUB!A6 | B6: =SUBSTITUTE(AHUB!B6,"entity:","") | C6: =IF(D6>0,"Yes","No") | D6: =COUNTIF(VAV!$C$2:$C$247,$A6) | E6: =IF(D6>1,"Yes","No") | F6: {=IF(D6=0,0,COUNTA(_xlfn.UNIQUE(_xlfn._xlws.FILTER(VAV!$B$2:$B$247,VAV!$C$2:$C$247=$A6))))} | G6: =IF(AND(D6>1,F6>1),"Yes","No") | H6: {=IF(D6=0,"-",_xlfn.TEXTJOIN(", ",TRUE,_xlfn.UNIQUE(SUBSTITUTE(_xlfn._xlws.FILTER(VAV!$B$2:$B$247,VAV!$C$2:$C$247=$A6),"entity:",""))))} | I6: =COUNTIF(CAV!$C$2:$C$52,$A6) | J6: =COUNTIF(FCU!$C$2:$C$138,$A6)
A7: =AHUB!A7 | B7: =SUBSTITUTE(AHUB!B7,"entity:","") | C7: =IF(D7>0,"Yes","No") | D7: =COUNTIF(VAV!$C$2:$C$247,$A7) | E7: =IF(D7>1,"Yes","No") | F7: {=IF(D7=0,0,COUNTA(_xlfn.UNIQUE(_xlfn._xlws.FILTER(VAV!$B$2:$B$247,VAV!$C$2:$C$247=$A7))))} | G7: =IF(AND(D7>1,F7>1),"Yes","No") | H7: {=IF(D7=0,"-",_xlfn.TEXTJOIN(", ",TRUE,_xlfn.UNIQUE(SUBSTITUTE(_xlfn._xlws.FILTER(VAV!$B$2:$B$247,VAV!$C$2:$C$247=$A7),"entity:",""))))} | I7: =COUNTIF(CAV!$C$2:$C$52,$A7) | J7: =COUNTIF(FCU!$C$2:$C$138,$A7)
A8: =AHUB!A8 | B8: =SUBSTITUTE(AHUB!B8,"entity:","") | C8: =IF(D8>0,"Yes","No") | D8: =COUNTIF(VAV!$C$2:$C$247,$A8) | E8: =IF(D8>1,"Yes","No") | F8: {=IF(D8=0,0,COUNTA(_xlfn.UNIQUE(_xlfn._xlws.FILTER(VAV!$B$2:$B$247,VAV!$C$2:$C$247=$A8))))} | G8: =IF(AND(D8>1,F8>1),"Yes","No") | H8: {=IF(D8=0,"-",_xlfn.TEXTJOIN(", ",TRUE,_xlfn.UNIQUE(SUBSTITUTE(_xlfn._xlws.FILTER(VAV!$B$2:$B$247,VAV!$C$2:$C$247=$A8),"entity:",""))))} | I8: =COUNTIF(CAV!$C$2:$C$52,$A8) | J8: =COUNTIF(FCU!$C$2:$C$138,$A8)
A9: =AHUB!A9 | B9: =SUBSTITUTE(AHUB!B9,"entity:","") | C9: =IF(D9>0,"Yes","No") | D9: =COUNTIF(VAV!$C$2:$C$247,$A9) | E9: =IF(D9>1,"Yes","No") | F9: {=IF(D9=0,0,COUNTA(_xlfn.UNIQUE(_xlfn._xlws.FILTER(VAV!$B$2:$B$247,VAV!$C$2:$C$247=$A9))))} | G9: =IF(AND(D9>1,F9>1),"Yes","No") | H9: {=IF(D9=0,"-",_xlfn.TEXTJOIN(", ",TRUE,_xlfn.UNIQUE(SUBSTITUTE(_xlfn._xlws.FILTER(VAV!$B$2:$B$247,VAV!$C$2:$C$247=$A9),"entity:",""))))} | I9: =COUNTIF(CAV!$C$2:$C$52,$A9) | J9: =COUNTIF(FCU!$C$2:$C$138,$A9)
A10: =AHUB!A10 | B10: =SUBSTITUTE(AHUB!B10,"entity:","") | C10: =IF(D10>0,"Yes","No") | D10: =COUNTIF(VAV!$C$2:$C$247,$A10) | E10: =IF(D10>1,"Yes","No") | F10: {=IF(D10=0,0,COUNTA(_xlfn.UNIQUE(_xlfn._xlws.FILTER(VAV!$B$2:$B$247,VAV!$C$2:$C$247=$A10))))} | G10: =IF(AND(D10>1,F10>1),"Yes","No") | H10: {=IF(D10=0,"-",_xlfn.TEXTJOIN(", ",TRUE,_xlfn.UNIQUE(SUBSTITUTE(_xlfn._xlws.FILTER(VAV!$B$2:$B$247,VAV!$C$2:$C$247=$A10),"entity:",""))))} | I10: =COUNTIF(CAV!$C$2:$C$52,$A10) | J10: =COUNTIF(FCU!$C$2:$C$138,$A10)
A11: =AHUB!A11 | B11: =SUBSTITUTE(AHUB!B11,"entity:","") | C11: =IF(D11>0,"Yes","No") | D11: =COUNTIF(VAV!$C$2:$C$247,$A11) | E11: =IF(D11>1,"Yes","No") | F11: {=IF(D11=0,0,COUNTA(_xlfn.UNIQUE(_xlfn._xlws.FILTER(VAV!$B$2:$B$247,VAV!$C$2:$C$247=$A11))))} | G11: =IF(AND(D11>1,F11>1),"Yes","No") | H11: {=IF(D11=0,"-",_xlfn.TEXTJOIN(", ",TRUE,_xlfn.UNIQUE(SUBSTITUTE(_xlfn._xlws.FILTER(VAV!$B$2:$B$247,VAV!$C$2:$C$247=$A11),"entity:",""))))} | I11: =COUNTIF(CAV!$C$2:$C$52,$A11) | J11: =COUNTIF(FCU!$C$2:$C$138,$A11)
A12: =AHUB!A12 | B12: =SUBSTITUTE(AHUB!B12,"entity:","") | C12: =IF(D12>0,"Yes","No") | D12: =COUNTIF(VAV!$C$2:$C$247,$A12) | E12: =IF(D12>1,"Yes","No") | F12: {=IF(D12=0,0,COUNTA(_xlfn.UNIQUE(_xlfn._xlws.FILTER(VAV!$B$2:$B$247,VAV!$C$2:$C$247=$A12))))} | G12: =IF(AND(D12>1,F12>1),"Yes","No") | H12: {=IF(D12=0,"-",_xlfn.TEXTJOIN(", ",TRUE,_xlfn.UNIQUE(SUBSTITUTE(_xlfn._xlws.FILTER(VAV!$B$2:$B$247,VAV!$C$2:$C$247=$A12),"entity:",""))))} | I12: =COUNTIF(CAV!$C$2:$C$52,$A12) | J12: =COUNTIF(FCU!$C$2:$C$138,$A12)
A13: =AHUB!A13 | B13: =SUBSTITUTE(AHUB!B13,"entity:","") | C13: =IF(D13>0,"Yes","No") | D13: =COUNTIF(VAV!$C$2:$C$247,$A13) | E13: =IF(D13>1,"Yes","No") | F13: {=IF(D13=0,0,COUNTA(_xlfn.UNIQUE(_xlfn._xlws.FILTER(VAV!$B$2:$B$247,VAV!$C$2:$C$247=$A13))))} | G13: =IF(AND(D13>1,F13>1),"Yes","No") | H13: {=IF(D13=0,"-",_xlfn.TEXTJOIN(", ",TRUE,_xlfn.UNIQUE(SUBSTITUTE(_xlfn._xlws.FILTER(VAV!$B$2:$B$247,VAV!$C$2:$C$247=$A13),"entity:",""))))} | I13: =COUNTIF(CAV!$C$2:$C$52,$A13) | J13: =COUNTIF(FCU!$C$2:$C$138,$A13)
... A16: =AHUB!A16 | B16: =SUBSTITUTE(AHUB!B16,"entity:","") | C16: =IF(D16>0,"Yes","No") | D16: =COUNTIF(VAV!$C$2:$C$247,$A16) | E16: =IF(D16>1,"Yes","No") | F16: {=IF(D16=0,0,COUNTA(_xlfn.UNIQUE(_xlfn._xlws.FILTER(VAV!$B$2:$B$247,VAV!$C$2:$C$247=$A16))))} | G16: =IF(AND(D16>1,F16>1),"Yes","No") | H16: {=IF(D16=0,"-",_xlfn.TEXTJOIN(", ",TRUE,_xlfn.UNIQUE(SUBSTITUTE(_xlfn._xlws.FILTER(VAV!$B$2:$B$247,VAV!$C$2:$C$247=$A16),"entity:",""))))} | I16: =COUNTIF(CAV!$C$2:$C$52,$A16) | J16: =COUNTIF(FCU!$C$2:$C$138,$A16)

Sheet AHUB
A1: Equipment | B1: Room Tag | C1: Fed By
A2: AHUB002 | B2: entity:QNL_B_063_PLANT_ROOM_01 | C2: CHILLED WATER LOOP
A3: AHUB011 | B3: entity:QNL_B_063_PLANT_ROOM_01 | C3: CHILLED WATER LOOP
A4: AHUB012 | B4: entity:QNL_B_063_PLANT_ROOM_01 | C4: CHILLED WATER LOOP
A5: AHUB003 | B5: entity:QNL_B_070_PLANT_ROOM_02 | C5: CHILLED WATER LOOP
A6: AHUB010 | B6: entity:QNL_B_070_PLANT_ROOM_02 | C6: CHILLED WATER LOOP
A7: AHUB013 | B7: entity:QNL_B_070_PLANT_ROOM_02 | C7: CHILLED WATER LOOP
A8: AHUB004 | B8: entity:QNL_B_110_PLANT_ROOM_03 | C8: CHILLED WATER LOOP
A9: AHUB009 | B9: entity:QNL_B_110_PLANT_ROOM_03 | C9: CHILLED WATER LOOP
A10: AHUB014 | B10: entity:QNL_B_110_PLANT_ROOM_03 | C10: CHILLED WATER LOOP
A11: AHUB015 | B11: entity:QNL_B_110_PLANT_ROOM_03 | C11: CHILLED WATER LOOP
A12: AHUB001 | B12: entity:QNL_B_220_PLANT_ROOM_04 | C12: CHILLED WATER LOOP
... A16: AHUB008 | B16: entity:QNL_B_220_PLANT_ROOM_04 | C16: CHILLED WATER LOOP

Sheet VAV
A1: Equipment | B1: Room Tag | C1: Fed By
A2: VAV_B_S11_024 | B2: entity:QNL_B_002_KITCHEN | C2: =IFERROR(INDEX(AHUB!$A$2:$A$16,MATCH("AHUB"&TEXT(VALUE(MID(A2,FIND("_",A2,FIND("_",A2)+1)+2,FIND("_",A2,FIND("_",A2,FIND("_",A2)+1)+1)-FIND("_",A2,FIND("_",A2)+1)-2)),"000"),AHUB!$A$2:$A$16,0)),"No match")
A3: VAV_B_S11_026 | B3: entity:QNL_B_003_FINANCE_COORDINATOR_&_BUSINESS_SUPPORT_OFCR | C3: =IFERROR(INDEX(AHUB!$A$2:$A$16,MATCH("AHUB"&TEXT(VALUE(MID(A3,FIND("_",A3,FIND("_",A3)+1)+2,FIND("_",A3,FIND("_",A3,FIND("_",A3)+1)+1)-FIND("_",A3,FIND("_",A3)+1)-2)),"000"),AHUB!$A$2:$A$16,0)),"No match")
A4: VAV_B_S11_027 | B4: entity:QNL_B_003_FINANCE_COORDINATOR_&_BUSINESS_SUPPORT_OFCR | C4: =IFERROR(INDEX(AHUB!$A$2:$A$16,MATCH("AHUB"&TEXT(VALUE(MID(A4,FIND("_",A4,FIND("_",A4)+1)+2,FIND("_",A4,FIND("_",A4,FIND("_",A4)+1)+1)-FIND("_",A4,FIND("_",A4)+1)-2)),"000"),AHUB!$A$2:$A$16,0)),"No match")
A5: VAV_B_S11_028 | B5: entity:QNL_B_004_ANALOG_RESOURCES | C5: =IFERROR(INDEX(AHUB!$A$2:$A$16,MATCH("AHUB"&TEXT(VALUE(MID(A5,FIND("_",A5,FIND("_",A5)+1)+2,FIND("_",A5,FIND("_",A5,FIND("_",A5)+1)+1)-FIND("_",A5,FIND("_",A5)+1)-2)),"000"),AHUB!$A$2:$A$16,0)),"No match")
A6: VAV_B_S11_029 | B6: entity:QNL_B_005_DIGITAL_RESOURCES | C6: =IFERROR(INDEX(AHUB!$A$2:$A$16,MATCH("AHUB"&TEXT(VALUE(MID(A6,FIND("_",A6,FIND("_",A6)+1)+2,FIND("_",A6,FIND("_",A6,FIND("_",A6)+1)+1)-FIND("_",A6,FIND("_",A6)+1)-2)),"000"),AHUB!$A$2:$A$16,0)),"No match")
A7: VAV_B_S11_030 | B7: entity:QNL_B_006_BUDGET_&_PAYMENT_1 | C7: =IFERROR(INDEX(AHUB!$A$2:$A$16,MATCH("AHUB"&TEXT(VALUE(MID(A7,FIND("_",A7,FIND("_",A7)+1)+2,FIND("_",A7,FIND("_",A7,FIND("_",A7)+1)+1)-FIND("_",A7,FIND("_",A7)+1)-2)),"000"),AHUB!$A$2:$A$16,0)),"No match")
A8: VAV_B_S11_031 | B8: entity:QNL_B_007_BUDGET_&_PAYMENT_2 | C8: =IFERROR(INDEX(AHUB!$A$2:$A$16,MATCH("AHUB"&TEXT(VALUE(MID(A8,FIND("_",A8,FIND("_",A8)+1)+2,FIND("_",A8,FIND("_",A8,FIND("_",A8)+1)+1)-FIND("_",A8,FIND("_",A8)+1)-2)),"000"),AHUB!$A$2:$A$16,0)),"No match")
A9: VAV_B_S11_043 | B9: entity:QNL_B_008_RECEIVING_AREA | C9: =IFERROR(INDEX(AHUB!$A$2:$A$16,MATCH("AHUB"&TEXT(VALUE(MID(A9,FIND("_",A9,FIND("_",A9)+1)+2,FIND("_",A9,FIND("_",A9,FIND("_",A9)+1)+1)-FIND("_",A9,FIND("_",A9)+1)-2)),"000"),AHUB!$A$2:$A$16,0)),"No match")
A10: VAV_B_S11_044 | B10: entity:QNL_B_008_RECEIVING_AREA | C10: =IFERROR(INDEX(AHUB!$A$2:$A$16,MATCH("AHUB"&TEXT(VALUE(MID(A10,FIND("_",A10,FIND("_",A10)+1)+2,FIND("_",A10,FIND("_",A10,FIND("_",A10)+1)+1)-FIND("_",A10,FIND("_",A10)+1)-2)),"000"),AHUB!$A$2:$A$16,0)),"No match")
A11: VAV_B_S11_045 | B11: entity:QNL_B_008_RECEIVING_AREA | C11: =IFERROR(INDEX(AHUB!$A$2:$A$16,MATCH("AHUB"&TEXT(VALUE(MID(A11,FIND("_",A11,FIND("_",A11)+1)+2,FIND("_",A11,FIND("_",A11,FIND("_",A11)+1)+1)-FIND("_",A11,FIND("_",A11)+1)-2)),"000"),AHUB!$A$2:$A$16,0)),"No match")
A12: VAV_B_S11_046 | B12: entity:QNL_B_008_RECEIVING_AREA | C12: =IFERROR(INDEX(AHUB!$A$2:$A$16,MATCH("AHUB"&TEXT(VALUE(MID(A12,FIND("_",A12,FIND("_",A12)+1)+2,FIND("_",A12,FIND("_",A12,FIND("_",A12)+1)+1)-FIND("_",A12,FIND("_",A12)+1)-2)),"000"),AHUB!$A$2:$A$16,0)),"No match")
A13: VAV_B_S11_021 | B13: entity:QNL_B_009_RECEPTION_&_LOUNGE | C13: =IFERROR(INDEX(AHUB!$A$2:$A$16,MATCH("AHUB"&TEXT(VALUE(MID(A13,FIND("_",A13,FIND("_",A13)+1)+2,FIND("_",A13,FIND("_",A13,FIND("_",A13)+1)+1)-FIND("_",A13,FIND("_",A13)+1)-2)),"000"),AHUB!$A$2:$A$16,0)),"No match")
... A247: VAV_2F_S13_015 | B247: entity:QNL_L2_993_CORRIDOR | C247: =IFERROR(INDEX(AHUB!$A$2:$A$16,MATCH("AHUB"&TEXT(VALUE(MID(A247,FIND("_",A247,FIND("_",A247)+1)+2,FIND("_",A247,FIND("_",A247,FIND("_",A247)+1)+1)-FIND("_",A247,FIND("_",A247)+1)-2)),"000"),AHUB!$A$2:$A$16,0)),"No match")

Sheet CAV
A1: Equipment | B1: Room Tag | C1: Fed By
A2: CAV_B_S14_001 | B2: entity:QNL_B_051_STORAGE | C2: =IFERROR(INDEX(AHUB!$A$2:$A$16,MATCH("AHUB"&TEXT(VALUE(MID(A2,FIND("_",A2,FIND("_",A2)+1)+2,FIND("_",A2,FIND("_",A2,FIND("_",A2)+1)+1)-FIND("_",A2,FIND("_",A2)+1)-2)),"000"),AHUB!$A$2:$A$16,0)),"No match")
A3: CAV_B_S12_002 | B3: entity:QNL_B_063_PLANT_ROOM_01 | C3: =IFERROR(INDEX(AHUB!$A$2:$A$16,MATCH("AHUB"&TEXT(VALUE(MID(A3,FIND("_",A3,FIND("_",A3)+1)+2,FIND("_",A3,FIND("_",A3,FIND("_",A3)+1)+1)-FIND("_",A3,FIND("_",A3)+1)-2)),"000"),AHUB!$A$2:$A$16,0)),"No match")
A4: CAV_B_S12_003 | B4: entity:QNL_B_063_PLANT_ROOM_01 | C4: =IFERROR(INDEX(AHUB!$A$2:$A$16,MATCH("AHUB"&TEXT(VALUE(MID(A4,FIND("_",A4,FIND("_",A4)+1)+2,FIND("_",A4,FIND("_",A4,FIND("_",A4)+1)+1)-FIND("_",A4,FIND("_",A4)+1)-2)),"000"),AHUB!$A$2:$A$16,0)),"No match")
A5: CAV_B_S15_001 | B5: entity:QNL_B_063_PLANT_ROOM_01 | C5: =IFERROR(INDEX(AHUB!$A$2:$A$16,MATCH("AHUB"&TEXT(VALUE(MID(A5,FIND("_",A5,FIND("_",A5)+1)+2,FIND("_",A5,FIND("_",A5,FIND("_",A5)+1)+1)-FIND("_",A5,FIND("_",A5)+1)-2)),"000"),AHUB!$A$2:$A$16,0)),"No match")
A6: CAV_B_S15_002 | B6: entity:QNL_B_063_PLANT_ROOM_01 | C6: =IFERROR(INDEX(AHUB!$A$2:$A$16,MATCH("AHUB"&TEXT(VALUE(MID(A6,FIND("_",A6,FIND("_",A6)+1)+2,FIND("_",A6,FIND("_",A6,FIND("_",A6)+1)+1)-FIND("_",A6,FIND("_",A6)+1)-2)),"000"),AHUB!$A$2:$A$16,0)),"No match")
A7: CAV_B_S15_003 | B7: entity:QNL_B_063_PLANT_ROOM_01 | C7: =IFERROR(INDEX(AHUB!$A$2:$A$16,MATCH("AHUB"&TEXT(VALUE(MID(A7,FIND("_",A7,FIND("_",A7)+1)+2,FIND("_",A7,FIND("_",A7,FIND("_",A7)+1)+1)-FIND("_",A7,FIND("_",A7)+1)-2)),"000"),AHUB!$A$2:$A$16,0)),"No match")
A8: CAV_B_S13_010 | B8: entity:QNL_B_070_PLANT_ROOM_02 | C8: =IFERROR(INDEX(AHUB!$A$2:$A$16,MATCH("AHUB"&TEXT(VALUE(MID(A8,FIND("_",A8,FIND("_",A8)+1)+2,FIND("_",A8,FIND("_",A8,FIND("_",A8)+1)+1)-FIND("_",A8,FIND("_",A8)+1)-2)),"000"),AHUB!$A$2:$A$16,0)),"No match")
A9: CAV_B_S13_011 | B9: entity:QNL_B_070_PLANT_ROOM_02 | C9: =IFERROR(INDEX(AHUB!$A$2:$A$16,MATCH("AHUB"&TEXT(VALUE(MID(A9,FIND("_",A9,FIND("_",A9)+1)+2,FIND("_",A9,FIND("_",A9,FIND("_",A9)+1)+1)-FIND("_",A9,FIND("_",A9)+1)-2)),"000"),AHUB!$A$2:$A$16,0)),"No match")
A10: CAV_B_S13_012 | B10: entity:QNL_B_071_FIRE_COMMAND_ROOM | C10: =IFERROR(INDEX(AHUB!$A$2:$A$16,MATCH("AHUB"&TEXT(VALUE(MID(A10,FIND("_",A10,FIND("_",A10)+1)+2,FIND("_",A10,FIND("_",A10,FIND("_",A10)+1)+1)-FIND("_",A10,FIND("_",A10)+1)-2)),"000"),AHUB!$A$2:$A$16,0)),"No match")
A11: CAV_B_S13_021 | B11: entity:QNL_B_072_SPRIMKLERS_PUMPS_&_ZONES_VALVES | C11: =IFERROR(INDEX(AHUB!$A$2:$A$16,MATCH("AHUB"&TEXT(VALUE(MID(A11,FIND("_",A11,FIND("_",A11)+1)+2,FIND("_",A11,FIND("_",A11,FIND("_",A11)+1)+1)-FIND("_",A11,FIND("_",A11)+1)-2)),"000"),AHUB!$A$2:$A$16,0)),"No match")
A12: CAV_B_S13_020 | B12: entity:QNL_B_084_UPS_BATTERY_ROOM | C12: =IFERROR(INDEX(AHUB!$A$2:$A$16,MATCH("AHUB"&TEXT(VALUE(MID(A12,FIND("_",A12,FIND("_",A12)+1)+2,FIND("_",A12,FIND("_",A12,FIND("_",A12)+1)+1)-FIND("_",A12,FIND("_",A12)+1)-2)),"000"),AHUB!$A$2:$A$16,0)),"No match")
A13: CAV_B_S13_013 | B13: entity:QNL_B_087_GAS_SUPPRESSION_ROOM | C13: =IFERROR(INDEX(AHUB!$A$2:$A$16,MATCH("AHUB"&TEXT(VALUE(MID(A13,FIND("_",A13,FIND("_",A13)+1)+2,FIND("_",A13,FIND("_",A13,FIND("_",A13)+1)+1)-FIND("_",A13,FIND("_",A13)+1)-2)),"000"),AHUB!$A$2:$A$16,0)),"No match")
... A52: CAV_B_S14_002 | B52: entity:QNL_B_052_CORRIDOR_3 | C52: =IFERROR(INDEX(AHUB!$A$2:$A$16,MATCH("AHUB"&TEXT(VALUE(MID(A52,FIND("_",A52,FIND("_",A52)+1)+2,FIND("_",A52,FIND("_",A52,FIND("_",A52)+1)+1)-FIND("_",A52,FIND("_",A52)+1)-2)),"000"),AHUB!$A$2:$A$16,0)),"No match")

Sheet FCU
A1: Equipment | B1: Room Tag (source Column A) | C1: Fed By
A2: FCU_B_003 | B2: entity:QNL_B_062_IDF_CORRIDOR | C2: CHILLED WATER LOOP
A3: FCU_B_011 | B3: entity:QNL_B_063_PLANT_ROOM_01 | C3: CHILLED WATER LOOP
A4: FCU_B_012 | B4: entity:QNL_B_063_PLANT_ROOM_01 | C4: CHILLED WATER LOOP
A5: FCU_B_013 | B5: entity:QNL_B_070_PLANT_ROOM_02 | C5: CHILLED WATER LOOP
A6: FCU_B_014 | B6: entity:QNL_B_070_PLANT_ROOM_02 | C6: CHILLED WATER LOOP
A7: FCU_B_006 | B7: entity:QNL_B_071_FIRE_COMMAND_ROOM | C7: CHILLED WATER LOOP
A8: FCU_B_007 | B8: entity:QNL_B_072_SPRIMKLERS_PUMPS_&_ZONES_VALVES | C8: CHILLED WATER LOOP
A9: FCU_B_002 | B9: entity:QNL_B_085_FUMIGATION_ROOM | C9: CHILLED WATER LOOP
A10: FCU_B_008 | B10: entity:QNL_B_087_GAS_SUPPRESSION_ROOM | C10: CHILLED WATER LOOP
A11: FCU_B_009 | B11: entity:QNL_B_088_PEOPLE_MOVER_PLANT | C11: CHILLED WATER LOOP
A12: FCU_B_015 | B12: entity:QNL_B_110_PLANT_ROOM_03 | C12: CHILLED WATER LOOP
... A138: FCU_1F_056 | B138: entity:QNL_L1_991_EXTERNAL_BOOK_DROP | C138: CHILLED WATER LOOP

Sheet DX
A1: Equipment | B1: Room Tag | C1: Feeds
A2: DX_B11 | B2: entity:QNL_B046_ITT_ITTIGATION_CONTROL_ROOM | C2: entity:QNL_B046_ITT_ITTIGATION_CONTROL_ROOM
A3: DX_B01 | B3: entity:QNL_B_081_MV_ROOM | C3: entity:QNL_B_081_MV_ROOM
A4: DX_B02 | B4: entity:QNL_B_081_MV_ROOM | C4: entity:QNL_B_081_MV_ROOM
A5: DX_B03 | B5: entity:QNL_B_082_TRANSFORMER_ROOM | C5: entity:QNL_B_082_TRANSFORMER_ROOM
A6: DX_B04 | B6: entity:QNL_B_082_TRANSFORMER_ROOM | C6: entity:QNL_B_082_TRANSFORMER_ROOM
A7: DX_B14 | B7: entity:QNL_B_082_TRANSFORMER_ROOM | C7: entity:QNL_B_082_TRANSFORMER_ROOM
A8: DX_B08 | B8: entity:QNL_B_084_UPS_BATTERY_ROOM | C8: entity:QNL_B_084_UPS_BATTERY_ROOM
A9: DX_B09 | B9: entity:QNL_B_084_UPS_BATTERY_ROOM | C9: entity:QNL_B_084_UPS_BATTERY_ROOM
A10: DX_B20 | B10: entity:QNL_B_092_STORAGE | C10: entity:QNL_B_092_STORAGE
A11: DX_B13 | B11: entity:QNL_B_093_TRANSH_CHAMBER | C11: entity:QNL_B_093_TRANSH_CHAMBER
A12: DX_B15 | B12: entity:QNL_B_093_TRANSH_CHAMBER | C12: entity:QNL_B_093_TRANSH_CHAMBER
... A25: DX_B24 | B25: entity:QNL_P_004_PLANT_ZONE | C25: entity:QNL_P_004_PLANT_ZONE

Sheet EF
A1: Equipment | B1: Room Tag | C1: Feeds
A2: EF_BBV01 | B2: entity:QNL_B_070_PLANT_ROOM_02 | C2: UPS BATERRY ROOM B.084
A3: EF_BBV02 | B3: entity:QNL_B_070_PLANT_ROOM_02 | C3: UPS BATERRY ROOM B.084
A4: EF_B14 | B4: entity:QNL_B_071_FIRE_COMMAND_ROOM | C4: Fire Command B.071
A5: EF_B13 | B5: entity:QNL_B_072_SPRIMKLERS_PUMPS_&_ZONES_VALVES | C5: Sprinklers Pumps B.072
A6: EF_B09 | B6: entity:QNL_B_080_GENERATOR | C6: Generator B.080
A7: EF_B05 | B7: entity:QNL_B_085_FUMIGATION_ROOM | C7: FUMIGATION B.085
A8: EF_B11 | B8: entity:QNL_B_091_FUEL_ROOM | C8: Fuel pump room B.091
A9: EF_B10 | B9: entity:QNL_B_093_TRANSH_CHAMBER | C9: Trash room B.093
A10: EF_B07 | B10: entity:QNL_B_109_LOADING_AREA | C10: Loading Room B.109
A11: EF_B08 | B11: entity:QNL_B_109_LOADING_AREA | C11: Loading Room B.109
A12: EF_B15 | B12: entity:QNL_B_109_LOADING_AREA | C12: Loading Room B.109
... A19: EF_RP03 | B19: entity:QNL_P_007_PLANT_ZONE | C19: Plant Zone P.004

Sheet SEF
A1: Equipment | B1: Room Tag | C1: Feeds
A2: SEF_RP07 | B2: entity:QNL_P_004_PLANT_ZONE | C2: Plant Zone P.004
A3: SEF_RP08 | B3: entity:QNL_P_004_PLANT_ZONE | C3: Plant Zone P.004
A4: SEF_RP09 | B4: entity:QNL_P_004_PLANT_ZONE | C4: Plant Zone P.004
A5: SEF_ZoneB | B5: entity:QNL_P_004_PLANT_ZONE
A6: SEF_RP04 | B6: entity:QNL_P_002_PLANT_ZONE | C6: Plant Zone P.002
A7: SEF_RP05 | B7: entity:QNL_P_002_PLANT_ZONE | C7: Plant Zone P.002
A8: SEF_RP06 | B8: entity:QNL_P_002_PLANT_ZONE | C8: Plant Zone P.002
A9: SEF_ZoneA | B9: entity:QNL_P_002_PLANT_ZONE
A10: SEF_RP10 | B10: entity:QNL_P_007_PLANT_ZONE | C10: Plant Zone P.007
A11: SEF_ZoneC | B11: entity:QNL_P_007_PLANT_ZONE
A12: SEF_RP11 | B12: entity:QNL_P_006_PLANT_ZONE | C12: Plant Zone P.006
A13: SEF_RP12 | B13: entity:QNL_P_006_PLANT_ZONE | C13: Plant Zone P.006

Sheet CCU
A1: Equipment | B1: Room Tag | C1: Feeds
A2: CCU_B01 | B2: entity:QNL_B_048_QTEL_ROOM | C2: REST TOOM (MEN) B.061
A3: CCU_B02 | B3: entity:QNL_B_048_QTEL_ROOM | C3: REST TOOM (MEN) B.061
A4: CCU_B03 | B4: entity:QNL_B_050_TELECOM_ROOM | C4: REST TOOM (MEN) B.061
A5: CCU_B04 | B5: entity:QNL_B_050_TELECOM_ROOM | C5: REST TOOM (MEN) B.061
A6: CCU_B05 | B6: entity:QNL_B_089_SERVER_ROOM | C6: REST TOOM (MEN) B.061
A7: CCU_B06 | B7: entity:QNL_B_089_SERVER_ROOM | C7: REST TOOM (MEN) B.061
A8: CCU_B07 | B8: entity:QNL_B_089_SERVER_ROOM | C8: REST TOOM (MEN) B.061
A9: CCU_B08 | B9: entity:QNL_B141_VAU_VAULT | C9: REST TOOM (MEN) 141.061
A10: CCU_B09 | B10: entity:QNL_B141_VAU_VAULT | C10: REST TOOM (MEN) 141.061
A11: CCU_B10 | B11: entity:QNL_B_222_IDF | C11: REST TOOM (MEN) B.061
A12: CCU_B11 | B12: entity:QNL_B_222_IDF | C12: REST TOOM (MEN) B.061

Sheet TEF
A1: Equipment | B1: Room Tag | C1: Feeds
A2: TEF_B02A | B2: entity:QNL_B_070_PLANT_ROOM_02 | C2: RESTROOM (MEN) B.032
A3: TEF_B02B | B3: entity:QNL_B_070_PLANT_ROOM_02 | C3: RESTROOM (WOMEN) B.033
A4: TEF_B01A | B4: entity:QNL_B_110_PLANT_ROOM_03 | C4: RESTROOM (MEN) B.046
A5: TEF_B01B | B5: entity:QNL_B_110_PLANT_ROOM_03 | C5: RESTROOM (WOMEN) B.047
A6: TEF_B03A | B6: entity:QNL_B_120_COMPACT_SHELVING_-MAIN_COLLECTION | C6: VIP RESTROOM B.146
A7: TEF_B03B | B7: entity:QNL_B_120_COMPACT_SHELVING_-MAIN_COLLECTION | C7: VIP RESTROOM B.147
A8: TEF_101C | B8: entity:QNL_L1-E2_ELEC_SHAFT | C8: REST TOOM (MEN) L1.061
A9: TEF_102C | B9: entity:QNL_L1-E1_ELEC_SHAFT | C9: REST TOOM (WOMEN) L1.025

Sheet HEX
A1: Equipment | B1: Room Tag
A2: HEX05 | B2: entity:QNL_B_211_PH_PLANT_ROOM
A3: HEX01 | B3: entity:QNL_B_220_PLANT_ROOM_04
A4: HEX02 | B4: entity:QNL_B_220_PLANT_ROOM_04
A5: HEX03 | B5: entity:QNL_B_220_PLANT_ROOM_04
A6: HEX04 | B6: entity:QNL_B_220_PLANT_ROOM_04

Sheet KEF
A1: Equipment | B1: Room Tag | C1: Feeds
A2: KEF_B019 | B2: entity:QNL_B_049_MEP_KITCHEN | C2: MEP KITCHEN B.049
A3: KEF_B04 | B3: entity:QNL_B_001A_BREAK_OUT_AREA | C3: KITCHEN B.002
A4: KEF_B020 | B4: entity:QNL_B_052_CORRIDOR_3 | C4: BINDING AND Reservation Space B.043
A5: KEF_101 | B5: entity:QNL_L1_067_RESTAURANT | C5: RESTAURANT L1.067

Sheet CHW
A1: Equipment | B1: Room Tag
A2: CHW_P01 | B2: entity:QNL_B_220_PLANT_ROOM_04
A3: CHW_P02 | B3: entity:QNL_B_220_PLANT_ROOM_04
A4: CHW_P03 | B4: entity:QNL_B_220_PLANT_ROOM_04
A5: CHW_P04 | B5: entity:QNL_B_220_PLANT_ROOM_04

Sheet ELEC
A1: Equipment | B1: Room Tag
A2: ELEC_Gen | B2: entity:QNL_B_080_GENERATOR

Sheet CHWPU
A1: Equipment | B1: Room Tag
A2: CHWPU_P01 | B2: entity:QNL_B_220_PLANT_ROOM_04
